EvID,PaperID,Vote
2,10,Worthwhile
2,23,Unwise
2,49,Essential
2,64,Unimportant
2,68,Unwise
2,106,Unimportant
2,116,Worthwhile
2,138,Unimportant
2,173,Unimportant
2,198,Unimportant
2,235,Worthwhile
2,312,Worthwhile
2,389,Unimportant
2,400,Unwise
3,61,Essential
3,82,Worthwhile
3,108,Worthwhile
3,140,Unimportant
3,141,Worthwhile
3,142,Essential
3,154,Worthwhile
3,232,Unimportant
3,234,Essential
3,236,Worthwhile
3,368,Unimportant
3,371,Unimportant
3,404,Worthwhile
3,413,Unimportant
4,41,Worthwhile
4,72,Unimportant
4,102,Worthwhile
4,113,Unimportant
4,130,Worthwhile
4,194,Essential
4,207,Unimportant
4,221,Worthwhile
4,296,Unimportant
4,355,Unimportant
4,401,Worthwhile
4,418,Unimportant
4,429,Unimportant
4,431,Worthwhile
4,434,Unimportant
5,14,Worthwhile
5,15,Unimportant
5,31,Worthwhile
5,36,Worthwhile
5,177,Essential
5,198,Essential
5,234,Unimportant
5,236,Essential
5,281,Essential
5,287,Unimportant
5,320,Worthwhile
5,381,Worthwhile
5,392,Worthwhile
5,412,Unimportant
5,435,Unimportant
6,21,Unimportant
6,65,Worthwhile
6,86,Worthwhile
6,96,Unimportant
6,97,Unimportant
6,128,Worthwhile
6,138,Unimportant
6,151,Worthwhile
6,246,Worthwhile
6,285,Unimportant
6,310,Worthwhile
6,311,Worthwhile
6,315,Unimportant
6,327,Worthwhile
6,360,Worthwhile
7,26,Worthwhile
7,31,Unwise
7,65,Unimportant
7,104,Unimportant
7,135,Unimportant
7,211,Unimportant
7,236,Unimportant
7,256,Unimportant
7,275,Unimportant
7,358,Unimportant
7,392,Unimportant
7,407,Worthwhile
7,410,Unimportant
7,423,Unimportant
7,430,Unimportant
8,82,Unimportant
8,100,Worthwhile
8,105,Unimportant
8,117,Unimportant
8,173,Unimportant
8,179,Worthwhile
8,300,Unimportant
8,302,Essential
8,322,Worthwhile
8,336,Worthwhile
8,340,Essential
8,375,Essential
8,396,Essential
8,404,Unimportant
9,56,Unwise
9,86,Unimportant
9,120,Worthwhile
9,122,Worthwhile
9,135,Unwise
9,271,Worthwhile
9,281,Essential
9,282,Essential
9,294,Worthwhile
9,310,Unimportant
9,344,Unimportant
9,358,Worthwhile
9,361,Unwise
9,372,Worthwhile
9,427,Unwise
10,17,Essential
10,27,Worthwhile
10,28,Unimportant
10,36,Unimportant
10,108,Worthwhile
10,124,Essential
10,136,Unimportant
10,142,Essential
10,171,Unimportant
10,257,Unwise
10,315,Unwise
10,346,Essential
10,388,Worthwhile
10,405,Worthwhile
10,415,Worthwhile
11,29,Unimportant
11,70,Essential
11,88,Essential
11,108,Essential
11,154,Worthwhile
11,172,Worthwhile
11,207,Worthwhile
11,288,Worthwhile
11,296,Essential
11,315,Essential
11,320,Essential
11,322,Worthwhile
11,324,Essential
11,399,Worthwhile
12,9,Unimportant
12,37,Unimportant
12,43,Worthwhile
12,161,Essential
12,220,Unwise
12,254,Worthwhile
12,259,Worthwhile
12,275,Essential
12,311,Unimportant
12,322,Worthwhile
12,328,Worthwhile
12,359,Unimportant
12,372,Essential
12,386,Worthwhile
12,406,Worthwhile
13,12,Worthwhile
13,17,Worthwhile
13,23,Essential
13,36,Essential
13,80,Worthwhile
13,154,Worthwhile
13,169,Unimportant
13,319,Worthwhile
13,334,Worthwhile
13,350,Essential
13,361,Worthwhile
13,422,Worthwhile
13,423,Worthwhile
13,429,Worthwhile
13,433,Worthwhile
14,14,Essential
14,30,Worthwhile
14,48,Worthwhile
14,177,Essential
14,189,Essential
14,191,Worthwhile
14,206,Essential
14,307,Unimportant
14,319,Unwise
14,344,Worthwhile
14,347,Unwise
14,392,Essential
14,394,Unimportant
14,435,Essential
15,69,Unimportant
15,83,Essential
15,104,Unimportant
15,113,Worthwhile
15,126,Essential
15,138,Unimportant
15,163,Unwise
15,167,Unimportant
15,212,Worthwhile
15,235,Worthwhile
15,271,Worthwhile
15,302,Essential
15,325,Unimportant
15,363,Worthwhile
15,372,Unimportant
16,1,Worthwhile
16,59,Unimportant
16,60,Unimportant
16,89,Unimportant
16,100,Essential
16,107,Worthwhile
16,130,Worthwhile
16,189,Essential
16,226,Worthwhile
16,230,Worthwhile
16,242,Unimportant
16,323,Unimportant
16,350,Unimportant
16,397,Unimportant
16,398,Unwise
17,28,Worthwhile
17,61,Essential
17,78,Unimportant
17,88,Unimportant
17,141,Essential
17,143,Worthwhile
17,149,Worthwhile
17,159,Worthwhile
17,219,Unimportant
17,285,Worthwhile
17,364,Essential
17,377,Worthwhile
17,394,Unimportant
17,400,Unimportant
18,9,Essential
18,12,Worthwhile
18,68,Essential
18,72,Worthwhile
18,103,Worthwhile
18,137,Essential
18,171,Essential
18,226,Essential
18,244,Essential
18,288,Essential
18,306,Worthwhile
18,328,Worthwhile
18,383,Worthwhile
18,403,Worthwhile
18,423,Essential
19,25,Worthwhile
19,36,Unimportant
19,85,Worthwhile
19,130,Essential
19,138,Unimportant
19,161,Unimportant
19,169,Worthwhile
19,214,Unimportant
19,221,Unwise
19,228,Worthwhile
19,238,Essential
19,266,Unimportant
19,297,Essential
19,326,Unimportant
19,393,Unimportant
20,16,Unimportant
20,19,Worthwhile
20,65,Worthwhile
20,120,Unimportant
20,168,Worthwhile
20,186,Unimportant
20,211,Worthwhile
20,240,Unwise
20,272,Worthwhile
20,292,Worthwhile
20,325,Unimportant
20,367,Unwise
20,368,Unimportant
20,413,Worthwhile
20,421,Unwise
21,15,Worthwhile
21,23,Worthwhile
21,47,Essential
21,85,Unimportant
21,105,Essential
21,152,Worthwhile
21,209,Unimportant
21,223,Essential
21,295,Worthwhile
21,297,Essential
21,315,Essential
21,320,Worthwhile
21,343,Essential
21,382,Essential
21,386,Unimportant
22,28,Essential
22,34,Essential
22,78,Worthwhile
22,342,Worthwhile
22,420,Worthwhile
23,32,Essential
23,33,Worthwhile
23,77,Worthwhile
23,127,Unimportant
23,152,Worthwhile
23,165,Essential
23,180,Worthwhile
23,191,Worthwhile
23,211,Essential
23,249,Essential
23,264,Worthwhile
23,289,Essential
23,290,Worthwhile
23,328,Essential
23,386,Unimportant
24,21,Unimportant
24,31,Essential
24,67,Essential
24,79,Worthwhile
24,112,Unimportant
24,124,Worthwhile
24,175,Unimportant
24,200,Unimportant
24,216,Worthwhile
24,245,Unimportant
24,320,Worthwhile
24,336,Worthwhile
24,349,Unimportant
24,357,Worthwhile
24,418,Unwise
25,84,Worthwhile
25,100,Essential
25,111,Worthwhile
25,135,Essential
25,172,Worthwhile
25,198,Essential
25,206,Worthwhile
25,220,Worthwhile
25,230,Worthwhile
25,241,Unimportant
25,305,Worthwhile
25,399,Unimportant
25,412,Worthwhile
25,422,Worthwhile
25,432,Unimportant
26,4,Worthwhile
26,29,Worthwhile
26,61,Worthwhile
26,73,Worthwhile
26,91,Worthwhile
26,167,Worthwhile
26,169,Unimportant
26,178,Worthwhile
26,224,Essential
26,227,Unimportant
26,230,Worthwhile
26,283,Unimportant
26,335,Worthwhile
26,337,Worthwhile
26,409,Essential
27,13,Essential
27,54,Essential
27,73,Worthwhile
27,116,Worthwhile
27,123,Worthwhile
27,125,Essential
27,129,Worthwhile
27,142,Worthwhile
27,153,Unimportant
27,163,Unimportant
27,196,Unimportant
27,257,Unimportant
27,290,Unimportant
27,311,Unimportant
27,367,Worthwhile
28,22,Essential
28,32,Worthwhile
28,35,Unimportant
28,76,Worthwhile
28,78,Worthwhile
28,83,Unimportant
28,91,Worthwhile
28,208,Worthwhile
28,213,Worthwhile
28,228,Unimportant
28,276,Unimportant
28,298,Unimportant
28,301,Unimportant
28,341,Worthwhile
28,392,Worthwhile
29,8,Worthwhile
29,10,Essential
29,39,Worthwhile
29,57,Worthwhile
29,87,Worthwhile
29,102,Unimportant
29,108,Worthwhile
29,133,Worthwhile
29,135,Worthwhile
29,201,Essential
29,214,Essential
29,223,Essential
29,307,Worthwhile
29,351,Worthwhile
29,353,Worthwhile
30,4,Unimportant
30,13,Essential
30,105,Unimportant
30,169,Essential
30,194,Essential
30,208,Worthwhile
30,216,Worthwhile
30,246,Essential
30,336,Essential
30,367,Worthwhile
30,399,Essential
30,405,Essential
30,413,Essential
30,416,Worthwhile
30,431,Essential
31,24,Essential
31,37,Worthwhile
31,62,Unimportant
31,78,Worthwhile
31,112,Unimportant
31,124,Worthwhile
31,180,Unimportant
31,240,Worthwhile
31,248,Unimportant
31,277,Worthwhile
31,283,Unimportant
31,305,Worthwhile
31,370,Essential
31,397,Essential
31,426,Unimportant
32,10,Essential
32,17,Unimportant
32,24,Essential
32,43,Worthwhile
32,136,Unimportant
32,151,Worthwhile
32,204,Unimportant
32,238,Worthwhile
32,315,Worthwhile
32,319,Worthwhile
32,367,Worthwhile
32,386,Unwise
32,387,Worthwhile
32,394,Unimportant
32,408,Unimportant
33,58,Worthwhile
33,62,Worthwhile
33,90,Essential
33,117,Essential
33,203,Essential
33,219,Essential
33,224,Essential
33,240,Worthwhile
33,255,Worthwhile
33,329,Worthwhile
33,330,Worthwhile
33,333,Worthwhile
33,364,Worthwhile
33,375,Worthwhile
33,431,Worthwhile
34,51,Worthwhile
34,77,Worthwhile
34,142,Essential
34,144,Unimportant
34,161,Essential
34,164,Unimportant
34,261,Worthwhile
34,273,Unimportant
34,275,Worthwhile
34,280,Worthwhile
34,284,Worthwhile
34,334,Unimportant
34,346,Unimportant
34,372,Worthwhile
34,405,Worthwhile
35,5,Unimportant
35,43,Unimportant
35,80,Worthwhile
35,151,Worthwhile
35,163,Worthwhile
35,172,Unimportant
35,215,Essential
35,217,Essential
35,251,Worthwhile
35,264,Worthwhile
35,265,Worthwhile
35,270,Unimportant
35,334,Unimportant
35,358,Worthwhile
35,378,Unimportant
36,13,Worthwhile
36,89,Essential
36,117,Worthwhile
36,145,Essential
36,147,Essential
36,165,Worthwhile
36,171,Worthwhile
36,258,Unimportant
36,265,Worthwhile
36,316,Unimportant
36,347,Unimportant
36,361,Worthwhile
36,383,Essential
36,402,Worthwhile
37,21,Unimportant
37,24,Unimportant
37,45,Worthwhile
37,275,Worthwhile
37,297,Essential
37,330,Essential
37,375,Unimportant
37,413,Unimportant
38,73,Worthwhile
38,81,Worthwhile
38,95,Essential
38,102,Unimportant
38,156,Worthwhile
38,221,Essential
38,255,Worthwhile
38,259,Essential
38,265,Worthwhile
38,278,Worthwhile
38,366,Essential
38,370,Worthwhile
38,406,Unimportant
38,409,Essential
38,411,Unimportant
39,24,Essential
39,30,Unimportant
39,49,Worthwhile
39,178,Unwise
39,182,Unimportant
39,195,Unwise
39,227,Worthwhile
39,290,Unimportant
39,319,Worthwhile
39,323,Essential
39,324,Unimportant
39,327,Worthwhile
39,339,Worthwhile
39,356,Unimportant
39,398,Worthwhile
40,15,Worthwhile
40,20,Essential
40,91,Unimportant
40,102,Worthwhile
40,104,Unimportant
40,187,Worthwhile
40,213,Unimportant
40,248,Worthwhile
40,258,Essential
40,322,Unimportant
40,327,Unimportant
40,340,Unimportant
40,357,Worthwhile
40,389,Worthwhile
40,401,Unimportant
41,48,Worthwhile
41,52,Unimportant
41,59,Unimportant
41,82,Worthwhile
41,140,Essential
41,155,Worthwhile
41,171,Unimportant
41,203,Essential
41,247,Worthwhile
41,248,Unimportant
41,304,Unimportant
41,315,Essential
41,371,Unimportant
41,405,Worthwhile
41,411,Worthwhile
42,14,Worthwhile
42,44,Worthwhile
42,50,Unimportant
42,135,Worthwhile
42,151,Worthwhile
42,183,Essential
42,194,Worthwhile
42,209,Unimportant
42,269,Unimportant
42,344,Unimportant
42,358,Unimportant
42,382,Unimportant
42,413,Unimportant
42,422,Unimportant
42,424,Worthwhile
43,32,Worthwhile
43,89,Essential
43,122,Essential
43,131,Worthwhile
43,162,Worthwhile
43,191,Essential
43,197,Unimportant
43,215,Essential
43,221,Essential
43,259,Worthwhile
43,320,Worthwhile
43,321,Worthwhile
43,347,Worthwhile
43,416,Worthwhile
43,427,Worthwhile
44,56,Worthwhile
44,104,Essential
44,110,Essential
44,113,Worthwhile
44,138,Worthwhile
44,164,Worthwhile
44,204,Worthwhile
44,235,Unimportant
44,254,Unimportant
44,285,Worthwhile
44,334,Unimportant
44,348,Unimportant
44,350,Unimportant
44,408,Unimportant
44,433,Worthwhile
45,13,Worthwhile
45,66,Worthwhile
45,95,Unimportant
45,146,Worthwhile
45,147,Essential
45,157,Essential
45,189,Worthwhile
45,215,Worthwhile
45,277,Unimportant
45,344,Essential
45,392,Worthwhile
45,424,Unimportant
46,38,Worthwhile
46,39,Essential
46,43,Worthwhile
46,57,Essential
46,60,Essential
46,89,Essential
46,91,Worthwhile
46,100,Worthwhile
46,177,Worthwhile
46,209,Unimportant
46,248,Worthwhile
46,256,Essential
46,335,Worthwhile
46,403,Essential
46,433,Unimportant
47,45,Worthwhile
47,60,Worthwhile
47,95,Unimportant
47,153,Worthwhile
47,217,Worthwhile
47,274,Worthwhile
47,347,Worthwhile
47,387,Worthwhile
47,419,Worthwhile
48,11,Essential
48,35,Worthwhile
48,103,Worthwhile
48,137,Unimportant
48,172,Worthwhile
48,176,Worthwhile
48,201,Unimportant
48,211,Essential
48,238,Essential
48,261,Essential
48,335,Essential
48,340,Worthwhile
48,352,Worthwhile
48,407,Essential
48,428,Worthwhile
49,33,Unwise
49,50,Essential
49,61,Worthwhile
49,68,Essential
49,125,Worthwhile
49,153,Essential
49,155,Worthwhile
49,177,Essential
49,196,Worthwhile
49,202,Essential
49,256,Essential
49,270,Worthwhile
49,273,Essential
49,407,Essential
49,429,Essential
50,12,Worthwhile
50,22,Unimportant
50,45,Worthwhile
50,115,Essential
50,176,Unimportant
50,197,Unimportant
50,240,Essential
50,251,Worthwhile
50,260,Essential
50,262,Essential
50,306,Worthwhile
50,407,Worthwhile
50,418,Unimportant
50,421,Unimportant
50,425,Worthwhile
51,2,Worthwhile
51,11,Worthwhile
51,17,Unimportant
51,37,Unimportant
51,38,Essential
51,107,Essential
51,108,Worthwhile
51,142,Essential
51,179,Unimportant
51,207,Worthwhile
51,275,Worthwhile
51,286,Unimportant
51,309,Worthwhile
51,329,Worthwhile
51,404,Essential
52,1,Essential
52,41,Worthwhile
52,179,Worthwhile
52,188,Worthwhile
52,211,Essential
52,216,Unimportant
52,248,Unimportant
52,271,Essential
52,282,Worthwhile
52,310,Worthwhile
52,338,Unimportant
52,369,Worthwhile
52,389,Unimportant
52,426,Unimportant
53,21,Worthwhile
53,51,Unimportant
53,66,Essential
53,143,Worthwhile
53,191,Worthwhile
53,198,Unimportant
53,275,Unimportant
53,320,Worthwhile
53,335,Essential
53,360,Unimportant
53,361,Unimportant
53,389,Unimportant
53,393,Essential
53,396,Unimportant
53,401,Worthwhile
54,236,Essential
54,237,Worthwhile
54,248,Unimportant
54,344,Essential
54,362,Essential
54,373,Worthwhile
55,24,Essential
55,62,Worthwhile
55,118,Unimportant
55,158,Worthwhile
55,176,Unimportant
55,209,Worthwhile
55,248,Worthwhile
55,274,Worthwhile
55,320,Unimportant
55,370,Worthwhile
55,371,Worthwhile
55,388,Unimportant
55,403,Unimportant
55,414,Unimportant
55,433,Worthwhile
56,34,Worthwhile
56,77,Essential
56,116,Worthwhile
56,126,Essential
56,174,Unimportant
56,184,Essential
56,220,Unimportant
56,223,Unimportant
56,248,Unimportant
56,272,Unimportant
56,332,Unimportant
56,350,Unimportant
56,353,Unimportant
56,374,Unimportant
56,414,Worthwhile
57,20,Unimportant
57,31,Worthwhile
57,32,Worthwhile
57,69,Worthwhile
57,100,Essential
57,140,Unimportant
57,189,Worthwhile
57,257,Unimportant
57,278,Unimportant
57,307,Unimportant
57,314,Worthwhile
57,389,Unimportant
57,415,Worthwhile
57,428,Worthwhile
57,434,Worthwhile
58,7,Worthwhile
58,28,Unimportant
58,82,Worthwhile
58,106,Essential
58,162,Unwise
58,198,Essential
58,264,Unimportant
58,292,Worthwhile
58,324,Unimportant
58,381,Unwise
58,389,Essential
58,392,Unimportant
58,415,Worthwhile
58,416,Worthwhile
58,431,Unimportant
59,59,Unimportant
59,121,Worthwhile
59,130,Worthwhile
59,200,Unimportant
59,224,Worthwhile
59,231,Unimportant
59,235,Essential
59,244,Unimportant
59,256,Worthwhile
59,296,Worthwhile
59,300,Worthwhile
59,314,Unimportant
59,350,Worthwhile
59,366,Unimportant
60,35,Unimportant
60,41,Essential
60,61,Worthwhile
60,64,Worthwhile
60,79,Unimportant
60,125,Essential
60,148,Worthwhile
60,178,Essential
60,192,Unimportant
60,262,Worthwhile
60,304,Worthwhile
60,336,Worthwhile
60,392,Unimportant
60,411,Unimportant
60,413,Worthwhile
61,37,Worthwhile
61,45,Essential
61,47,Essential
61,72,Unimportant
61,87,Essential
61,111,Worthwhile
61,121,Worthwhile
61,189,Worthwhile
61,214,Essential
61,230,Unimportant
61,240,Unimportant
61,294,Unimportant
61,305,Essential
61,351,Unimportant
61,418,Unimportant
62,6,Essential
62,21,Essential
62,24,Essential
62,30,Worthwhile
62,71,Worthwhile
62,83,Worthwhile
62,90,Essential
62,102,Worthwhile
62,147,Essential
62,203,Essential
62,238,Essential
62,339,Essential
62,357,Worthwhile
62,383,Worthwhile
62,411,Worthwhile
63,23,Essential
63,63,Essential
63,68,Worthwhile
63,82,Worthwhile
63,117,Worthwhile
63,131,Worthwhile
63,279,Unimportant
63,311,Worthwhile
63,319,Worthwhile
63,343,Unimportant
63,365,Worthwhile
63,393,Worthwhile
63,421,Unimportant
63,423,Worthwhile
64,81,Essential
64,85,Unimportant
64,181,Essential
64,199,Worthwhile
64,206,Essential
64,210,Essential
64,287,Unimportant
64,308,Worthwhile
64,318,Worthwhile
64,350,Unimportant
64,356,Worthwhile
64,412,Essential
64,416,Essential
64,419,Worthwhile
65,5,Unimportant
65,9,Worthwhile
65,50,Essential
65,108,Worthwhile
65,177,Essential
65,201,Essential
65,233,Worthwhile
65,236,Unimportant
65,243,Worthwhile
65,244,Essential
65,282,Worthwhile
65,286,Worthwhile
65,294,Unimportant
65,348,Worthwhile
65,434,Worthwhile
66,4,Worthwhile
66,44,Unimportant
66,62,Unimportant
66,80,Worthwhile
66,82,Essential
66,100,Worthwhile
66,109,Unimportant
66,148,Worthwhile
66,161,Worthwhile
66,177,Worthwhile
66,271,Unimportant
66,368,Worthwhile
66,380,Unimportant
66,394,Worthwhile
66,417,Worthwhile
67,70,Essential
67,163,Unimportant
67,182,Essential
67,201,Worthwhile
67,229,Worthwhile
67,255,Essential
67,312,Worthwhile
67,315,Unimportant
67,321,Worthwhile
67,335,Worthwhile
67,347,Unimportant
67,350,Unimportant
67,394,Worthwhile
67,402,Worthwhile
67,414,Unimportant
68,89,Worthwhile
68,100,Essential
68,251,Essential
68,275,Essential
68,277,Unimportant
68,295,Worthwhile
68,305,Worthwhile
68,311,Unimportant
68,342,Essential
68,435,Worthwhile
69,18,Worthwhile
69,82,Worthwhile
69,102,Worthwhile
69,155,Worthwhile
69,177,Essential
69,187,Worthwhile
69,191,Worthwhile
69,203,Essential
69,218,Essential
69,235,Essential
69,241,Essential
69,384,Worthwhile
69,400,Worthwhile
69,417,Unimportant
69,426,Worthwhile
70,46,Essential
70,49,Unimportant
70,61,Unimportant
70,69,Worthwhile
70,93,Worthwhile
70,147,Worthwhile
70,165,Unimportant
70,199,Worthwhile
70,282,Worthwhile
70,318,Unimportant
70,327,Worthwhile
70,370,Unimportant
70,375,Unimportant
70,391,Worthwhile
70,425,Unimportant
71,12,Essential
71,19,Worthwhile
71,39,Unimportant
71,64,Worthwhile
71,71,Unwise
71,109,Worthwhile
71,115,Worthwhile
71,206,Worthwhile
71,211,Worthwhile
71,214,Worthwhile
71,242,Unwise
71,373,Worthwhile
71,416,Worthwhile
71,423,Worthwhile
71,430,Worthwhile
72,18,Worthwhile
72,30,Worthwhile
72,31,Essential
72,42,Essential
72,53,Worthwhile
72,64,Worthwhile
72,72,Unimportant
72,100,Essential
72,105,Worthwhile
72,209,Unimportant
72,218,Essential
72,360,Worthwhile
72,368,Unwise
72,383,Worthwhile
72,390,Unimportant
73,16,Worthwhile
73,72,Worthwhile
73,79,Worthwhile
73,85,Worthwhile
73,104,Worthwhile
73,134,Essential
73,180,Essential
73,200,Essential
73,263,Worthwhile
73,278,Essential
73,313,Worthwhile
73,351,Essential
73,353,Essential
73,382,Essential
73,403,Worthwhile
74,25,Worthwhile
74,29,Essential
74,34,Essential
74,58,Unimportant
74,63,Worthwhile
74,105,Worthwhile
74,128,Essential
74,282,Worthwhile
74,324,Unimportant
74,353,Worthwhile
74,391,Worthwhile
74,398,Worthwhile
75,114,Worthwhile
75,166,Worthwhile
75,246,Essential
75,289,Essential
75,298,Worthwhile
75,309,Essential
75,314,Essential
75,359,Essential
75,401,Worthwhile
75,403,Essential
75,424,Essential
75,431,Essential
75,435,Essential
76,36,Worthwhile
76,59,Unwise
76,65,Essential
76,131,Unwise
76,209,Unimportant
76,237,Worthwhile
76,262,Unimportant
76,279,Worthwhile
76,307,Unimportant
76,309,Essential
76,327,Unimportant
76,343,Essential
76,360,Unwise
76,385,Worthwhile
76,416,Worthwhile
77,4,Essential
77,35,Essential
77,63,Essential
77,104,Essential
77,137,Essential
77,156,Essential
77,161,Essential
77,248,Worthwhile
77,311,Worthwhile
77,333,Essential
77,379,Essential
77,384,Essential
77,390,Essential
77,407,Essential
77,413,Essential
78,6,Essential
78,17,Unimportant
78,19,Worthwhile
78,81,Worthwhile
78,108,Worthwhile
78,184,Essential
78,196,Worthwhile
78,260,Unimportant
78,278,Worthwhile
78,279,Unwise
78,314,Unimportant
78,322,Unwise
78,375,Worthwhile
78,426,Essential
78,435,Essential
79,24,Unimportant
79,83,Worthwhile
79,85,Worthwhile
79,86,Worthwhile
79,88,Worthwhile
79,89,Unwise
79,118,Unimportant
79,142,Unimportant
79,242,Worthwhile
79,264,Worthwhile
79,353,Unimportant
79,374,Unimportant
79,408,Unimportant
79,413,Unimportant
79,435,Unwise
80,65,Worthwhile
80,115,Essential
80,116,Worthwhile
80,169,Unimportant
80,239,Worthwhile
80,319,Worthwhile
80,323,Essential
80,349,Worthwhile
80,394,Essential
80,395,Worthwhile
80,404,Worthwhile
80,408,Unimportant
80,416,Worthwhile
80,418,Essential
80,430,Essential
81,8,Worthwhile
81,13,Unimportant
81,27,Worthwhile
81,37,Unwise
81,82,Essential
81,104,Worthwhile
81,108,Worthwhile
81,118,Unwise
81,160,Unimportant
81,217,Worthwhile
81,278,Unimportant
81,292,Essential
81,300,Unimportant
81,308,Worthwhile
81,428,Unwise
82,102,Worthwhile
82,145,Unimportant
82,174,Worthwhile
82,183,Essential
82,187,Worthwhile
82,210,Unimportant
82,238,Worthwhile
82,273,Essential
82,278,Worthwhile
82,288,Unimportant
82,333,Worthwhile
82,341,Worthwhile
82,354,Essential
82,359,Essential
82,366,Worthwhile
83,5,Unwise
83,51,Unimportant
83,76,Essential
83,97,Unimportant
83,106,Essential
83,119,Worthwhile
83,121,Essential
83,175,Unwise
83,222,Worthwhile
83,247,Unwise
83,262,Essential
83,304,Essential
83,365,Unimportant
83,387,Essential
83,388,Worthwhile
84,12,Worthwhile
84,23,Essential
84,40,Essential
84,81,Worthwhile
84,94,Worthwhile
84,103,Essential
84,167,Unimportant
84,184,Worthwhile
84,185,Essential
84,195,Unimportant
84,227,Worthwhile
84,231,Worthwhile
84,248,Unimportant
84,263,Unimportant
84,323,Essential
85,41,Essential
85,70,Worthwhile
85,93,Unimportant
85,141,Worthwhile
85,161,Essential
85,177,Essential
85,217,Worthwhile
85,242,Worthwhile
85,314,Unimportant
85,338,Unimportant
85,380,Unimportant
85,389,Worthwhile
85,391,Essential
85,415,Unimportant
85,427,Worthwhile
86,27,Worthwhile
86,41,Worthwhile
86,71,Unwise
86,81,Unimportant
86,98,Essential
86,111,Worthwhile
86,116,Worthwhile
86,164,Unimportant
86,246,Worthwhile
86,271,Worthwhile
86,279,Worthwhile
86,298,Unimportant
86,351,Unwise
86,377,Unwise
86,415,Worthwhile
87,12,Worthwhile
87,61,Worthwhile
87,66,Essential
87,75,Essential
87,148,Worthwhile
87,203,Essential
87,232,Unimportant
87,266,Worthwhile
87,285,Unimportant
87,341,Worthwhile
87,356,Worthwhile
87,364,Essential
87,406,Worthwhile
87,433,Worthwhile
87,434,Worthwhile
88,2,Unimportant
88,11,Worthwhile
88,21,Unimportant
88,32,Worthwhile
88,132,Unwise
88,165,Worthwhile
88,187,Essential
88,193,Worthwhile
88,199,Unimportant
88,274,Unimportant
88,304,Worthwhile
88,315,Worthwhile
88,342,Worthwhile
88,370,Essential
88,384,Unimportant
89,7,Worthwhile
89,24,Worthwhile
89,40,Worthwhile
89,58,Worthwhile
89,77,Essential
89,140,Essential
89,144,Essential
89,220,Worthwhile
89,227,Essential
89,249,Worthwhile
89,260,Worthwhile
89,325,Essential
89,340,Essential
89,377,Essential
89,383,Worthwhile
90,50,Worthwhile
90,75,Worthwhile
90,80,Essential
90,117,Essential
90,184,Worthwhile
90,229,Worthwhile
90,235,Worthwhile
90,242,Unwise
90,274,Unimportant
90,275,Worthwhile
90,290,Worthwhile
90,294,Worthwhile
90,304,Essential
90,323,Essential
90,365,Unimportant
91,16,Worthwhile
91,88,Essential
91,117,Worthwhile
91,125,Worthwhile
91,127,Unimportant
91,168,Worthwhile
91,200,Essential
91,203,Worthwhile
91,209,Worthwhile
91,234,Worthwhile
91,248,Essential
91,311,Worthwhile
91,323,Worthwhile
91,333,Worthwhile
91,393,Essential
92,18,Essential
92,94,Worthwhile
92,121,Worthwhile
92,145,Worthwhile
92,181,Essential
92,298,Worthwhile
92,306,Worthwhile
92,333,Essential
92,340,Worthwhile
92,370,Essential
92,387,Worthwhile
92,396,Unimportant
92,399,Essential
92,406,Worthwhile
92,430,Worthwhile
93,53,Worthwhile
93,74,Essential
93,87,Essential
93,102,Worthwhile
93,196,Worthwhile
93,226,Worthwhile
93,282,Essential
93,322,Essential
93,375,Essential
93,420,Essential
94,8,Essential
94,53,Essential
94,64,Unimportant
94,71,Worthwhile
94,122,Worthwhile
94,126,Essential
94,174,Worthwhile
94,205,Worthwhile
94,218,Worthwhile
94,241,Unimportant
94,243,Worthwhile
94,273,Worthwhile
94,338,Worthwhile
94,408,Essential
94,420,Essential
95,73,Worthwhile
95,75,Worthwhile
95,97,Worthwhile
95,115,Unimportant
95,158,Unimportant
95,193,Unimportant
95,196,Unimportant
95,292,Essential
95,305,Unimportant
95,311,Unimportant
95,351,Unimportant
95,394,Unimportant
96,1,Worthwhile
96,86,Essential
96,90,Essential
96,185,Worthwhile
96,213,Worthwhile
96,264,Worthwhile
96,302,Worthwhile
97,10,Essential
97,39,Worthwhile
97,44,Worthwhile
97,49,Essential
97,50,Worthwhile
97,61,Worthwhile
97,77,Essential
97,198,Worthwhile
97,222,Unimportant
97,245,Unimportant
97,258,Worthwhile
97,285,Worthwhile
97,322,Unimportant
97,345,Essential
97,424,Essential
98,1,Worthwhile
98,22,Worthwhile
98,57,Unimportant
98,64,Essential
98,100,Essential
98,130,Worthwhile
98,163,Worthwhile
98,168,Worthwhile
98,184,Worthwhile
98,198,Essential
98,239,Worthwhile
98,335,Worthwhile
98,340,Worthwhile
98,354,Worthwhile
98,371,Essential
99,11,Essential
99,14,Worthwhile
99,39,Unimportant
99,61,Worthwhile
99,103,Unwise
99,142,Worthwhile
99,154,Worthwhile
99,241,Worthwhile
99,243,Worthwhile
99,255,Unimportant
99,294,Unimportant
99,307,Unimportant
99,352,Unimportant
99,356,Worthwhile
99,387,Worthwhile
100,29,Unimportant
100,53,Worthwhile
100,102,Unimportant
100,133,Worthwhile
100,177,Essential
100,187,Essential
100,242,Essential
100,275,Essential
100,327,Essential
100,339,Worthwhile
100,374,Essential
100,377,Unimportant
100,404,Unwise
100,416,Unimportant
100,432,Essential
101,16,Worthwhile
101,25,Essential
101,43,Worthwhile
101,44,Unimportant
101,53,Worthwhile
101,84,Essential
101,116,Essential
101,121,Worthwhile
101,135,Worthwhile
101,144,Worthwhile
101,151,Essential
101,244,Essential
101,317,Worthwhile
101,402,Worthwhile
101,431,Essential
102,44,Worthwhile
102,57,Worthwhile
102,91,Worthwhile
102,106,Worthwhile
102,172,Worthwhile
102,208,Worthwhile
102,222,Unimportant
102,228,Worthwhile
102,268,Worthwhile
102,289,Unimportant
102,356,Worthwhile
102,371,Unimportant
102,380,Unimportant
102,412,Worthwhile
102,432,Unimportant
103,9,Worthwhile
103,11,Worthwhile
103,13,Worthwhile
103,110,Worthwhile
103,146,Worthwhile
103,201,Essential
103,305,Essential
103,315,Worthwhile
103,363,Worthwhile
103,368,Worthwhile
104,91,Unimportant
104,131,Worthwhile
104,200,Essential
104,284,Essential
104,289,Worthwhile
104,296,Unwise
104,308,Worthwhile
104,338,Essential
104,340,Worthwhile
104,350,Worthwhile
104,363,Worthwhile
104,364,Worthwhile
104,416,Worthwhile
104,418,Unimportant
104,421,Worthwhile
105,32,Unwise
105,56,Unwise
105,86,Worthwhile
105,105,Essential
105,109,Worthwhile
105,128,Worthwhile
105,129,Unwise
105,145,Worthwhile
105,208,Unimportant
105,228,Worthwhile
105,248,Essential
105,275,Worthwhile
105,293,Unimportant
105,333,Unwise
105,343,Unimportant
106,29,Unimportant
106,43,Worthwhile
106,104,Unimportant
106,106,Worthwhile
106,107,Worthwhile
106,134,Unimportant
106,150,Worthwhile
106,160,Unimportant
106,211,Unimportant
106,248,Worthwhile
106,257,Worthwhile
106,302,Worthwhile
106,310,Worthwhile
106,326,Worthwhile
106,366,Worthwhile
107,35,Worthwhile
107,126,Essential
107,151,Worthwhile
107,156,Worthwhile
107,169,Unimportant
107,183,Worthwhile
107,196,Unimportant
107,209,Unwise
107,213,Unimportant
107,266,Unimportant
107,288,Unwise
107,336,Worthwhile
107,362,Worthwhile
107,383,Unimportant
107,397,Unwise
108,23,Essential
108,30,Unimportant
108,111,Worthwhile
108,128,Worthwhile
108,170,Unimportant
108,185,Unimportant
108,206,Unimportant
108,232,Worthwhile
108,265,Worthwhile
108,272,Essential
108,355,Worthwhile
108,373,Worthwhile
108,397,Worthwhile
108,400,Worthwhile
108,401,Essential
109,9,Essential
109,193,Essential
109,201,Worthwhile
109,207,Worthwhile
109,215,Worthwhile
109,219,Worthwhile
109,240,Essential
109,244,Essential
109,246,Worthwhile
109,342,Worthwhile
109,347,Worthwhile
109,370,Worthwhile
109,385,Unimportant
109,394,Worthwhile
109,428,Worthwhile
110,9,Worthwhile
110,22,Worthwhile
110,62,Worthwhile
110,129,Worthwhile
110,156,Worthwhile
110,163,Unimportant
110,168,Unimportant
110,219,Unimportant
110,237,Unimportant
110,307,Unimportant
110,330,Unimportant
110,411,Unimportant
110,433,Unimportant
111,63,Essential
111,70,Worthwhile
111,88,Unimportant
111,155,Unimportant
111,203,Worthwhile
111,205,Worthwhile
111,231,Essential
111,235,Worthwhile
111,287,Worthwhile
111,306,Worthwhile
111,334,Worthwhile
111,345,Essential
111,357,Essential
111,366,Unimportant
111,389,Worthwhile
112,37,Essential
112,70,Worthwhile
112,89,Worthwhile
112,118,Essential
112,122,Worthwhile
112,152,Unimportant
112,184,Unimportant
112,205,Essential
112,236,Worthwhile
112,279,Worthwhile
112,307,Unimportant
112,342,Unimportant
112,361,Essential
112,422,Unimportant
113,72,Unimportant
113,93,Unimportant
113,114,Worthwhile
113,125,Worthwhile
113,167,Worthwhile
113,175,Unimportant
113,184,Essential
113,213,Unimportant
113,249,Worthwhile
113,270,Worthwhile
113,299,Essential
113,306,Essential
113,323,Worthwhile
113,341,Worthwhile
113,430,Unimportant
114,2,Essential
114,28,Worthwhile
114,39,Worthwhile
114,56,Worthwhile
114,119,Essential
114,124,Essential
114,125,Essential
114,134,Worthwhile
114,191,Worthwhile
114,228,Worthwhile
114,232,Essential
114,264,Worthwhile
114,286,Essential
114,316,Essential
114,359,Worthwhile
115,10,Worthwhile
115,16,Worthwhile
115,18,Worthwhile
115,38,Unimportant
115,41,Unwise
115,55,Worthwhile
115,98,Worthwhile
115,178,Worthwhile
115,200,Unimportant
115,230,Worthwhile
115,241,Worthwhile
115,327,Unwise
115,341,Essential
115,415,Essential
116,2,Essential
116,54,Worthwhile
116,100,Essential
116,114,Essential
116,139,Worthwhile
116,143,Unimportant
116,194,Worthwhile
116,203,Essential
116,243,Worthwhile
116,299,Essential
116,314,Worthwhile
116,357,Unimportant
116,392,Worthwhile
117,31,Essential
117,35,Unimportant
117,63,Unimportant
117,76,Unwise
117,78,Unimportant
117,98,Worthwhile
117,140,Worthwhile
117,146,Worthwhile
117,172,Unimportant
117,182,Unimportant
117,186,Unimportant
117,287,Unwise
117,340,Worthwhile
117,342,Unimportant
117,344,Essential
118,39,Unimportant
118,84,Worthwhile
118,130,Worthwhile
118,162,Worthwhile
118,164,Unimportant
118,179,Unimportant
118,201,Essential
118,202,Unimportant
118,278,Unimportant
118,319,Worthwhile
118,351,Unimportant
118,382,Unimportant
118,391,Worthwhile
118,408,Unimportant
118,424,Worthwhile
119,46,Worthwhile
119,81,Worthwhile
119,105,Unwise
119,202,Unwise
119,234,Unwise
119,253,Unwise
119,295,Unwise
119,309,Unwise
119,374,Unimportant
119,392,Essential
119,398,Unimportant
119,400,Unimportant
119,418,Worthwhile
119,425,Unwise
120,11,Worthwhile
120,36,Worthwhile
120,42,Unimportant
120,87,Unimportant
120,120,Worthwhile
120,127,Unwise
120,156,Worthwhile
120,219,Unimportant
120,255,Worthwhile
120,294,Unimportant
120,322,Worthwhile
120,323,Worthwhile
120,327,Essential
120,355,Unimportant
120,358,Unimportant
121,143,Worthwhile
121,144,Worthwhile
121,160,Worthwhile
121,178,Essential
121,197,Worthwhile
121,199,Worthwhile
121,222,Worthwhile
121,224,Worthwhile
121,236,Worthwhile
121,283,Worthwhile
121,285,Worthwhile
121,390,Essential
121,397,Worthwhile
121,402,Essential
121,422,Worthwhile
122,6,Worthwhile
122,7,Essential
122,10,Worthwhile
122,28,Worthwhile
122,45,Essential
122,91,Essential
122,265,Essential
122,309,Worthwhile
122,391,Worthwhile
122,392,Worthwhile
122,398,Worthwhile
122,416,Worthwhile
123,21,Worthwhile
123,28,Worthwhile
123,45,Essential
123,141,Unimportant
123,166,Unimportant
123,203,Unimportant
123,219,Unwise
123,257,Essential
123,299,Essential
123,322,Worthwhile
123,334,Unimportant
123,358,Unimportant
123,364,Essential
123,373,Unimportant
123,375,Unwise
124,23,Worthwhile
124,57,Worthwhile
124,105,Essential
124,150,Worthwhile
124,194,Essential
124,201,Worthwhile
124,260,Worthwhile
125,20,Unwise
125,27,Essential
125,52,Worthwhile
125,87,Unwise
125,102,Essential
125,104,Worthwhile
125,142,Worthwhile
125,193,Unimportant
125,216,Worthwhile
125,226,Unwise
125,285,Worthwhile
125,289,Essential
125,297,Essential
125,298,Unwise
125,312,Worthwhile
126,98,Essential
126,108,Worthwhile
126,127,Worthwhile
126,135,Unimportant
126,159,Worthwhile
126,191,Unimportant
126,223,Worthwhile
126,238,Worthwhile
126,247,Worthwhile
126,265,Unimportant
126,302,Worthwhile
126,317,Unimportant
126,341,Unimportant
126,397,Worthwhile
126,432,Essential
127,46,Essential
127,48,Unimportant
127,79,Unimportant
127,99,Unimportant
127,140,Worthwhile
127,150,Essential
127,167,Unimportant
127,180,Unwise
127,188,Essential
127,194,Worthwhile
127,295,Unimportant
127,310,Worthwhile
127,331,Worthwhile
127,334,Unimportant
128,7,Essential
128,79,Worthwhile
128,145,Worthwhile
128,147,Worthwhile
128,241,Unimportant
128,251,Worthwhile
128,272,Essential
128,277,Worthwhile
128,286,Unimportant
128,328,Essential
128,331,Essential
128,337,Worthwhile
128,360,Worthwhile
128,393,Essential
128,421,Worthwhile
129,10,Unimportant
129,18,Worthwhile
129,57,Unimportant
129,114,Worthwhile
129,122,Worthwhile
129,130,Worthwhile
129,132,Unimportant
129,141,Unimportant
129,144,Worthwhile
129,147,Worthwhile
129,162,Unwise
129,240,Unimportant
129,311,Unwise
129,316,Worthwhile
130,47,Unimportant
130,78,Essential
130,123,Essential
130,138,Unimportant
130,146,Worthwhile
130,169,Essential
130,174,Worthwhile
130,177,Essential
130,191,Worthwhile
130,290,Essential
130,337,Unimportant
130,433,Unimportant
131,11,Essential
131,18,Essential
131,32,Worthwhile
131,64,Worthwhile
131,105,Essential
131,108,Worthwhile
131,121,Essential
131,159,Worthwhile
131,209,Worthwhile
131,230,Worthwhile
131,271,Essential
131,273,Essential
131,297,Worthwhile
131,364,Essential
131,428,Essential
132,27,Essential
132,94,Worthwhile
132,203,Worthwhile
132,214,Unwise
132,235,Unimportant
132,237,Worthwhile
132,244,Unimportant
132,318,Worthwhile
132,349,Worthwhile
132,354,Worthwhile
132,384,Essential
132,390,Worthwhile
132,404,Unimportant
132,419,Unimportant
132,427,Worthwhile
133,1,Unimportant
133,6,Worthwhile
133,33,Worthwhile
133,52,Worthwhile
133,150,Essential
133,194,Worthwhile
133,224,Unwise
133,225,Unimportant
133,276,Unimportant
133,306,Worthwhile
133,367,Unimportant
133,379,Worthwhile
133,398,Worthwhile
133,420,Worthwhile
133,421,Unwise
134,21,Essential
134,78,Worthwhile
134,84,Worthwhile
134,100,Worthwhile
134,103,Worthwhile
134,121,Essential
134,128,Worthwhile
134,190,Worthwhile
134,215,Worthwhile
134,238,Essential
134,258,Essential
134,293,Worthwhile
134,299,Essential
134,371,Worthwhile
134,399,Worthwhile
135,40,Unwise
135,66,Unimportant
135,67,Unimportant
135,80,Unimportant
135,85,Worthwhile
135,115,Unimportant
135,201,Worthwhile
135,208,Unimportant
135,222,Unwise
135,240,Unwise
135,254,Unimportant
135,257,Unimportant
135,287,Unwise
135,409,Worthwhile
135,415,Unimportant
136,10,Worthwhile
136,30,Worthwhile
136,41,Worthwhile
136,63,Unimportant
136,100,Worthwhile
136,101,Unimportant
136,161,Essential
136,245,Essential
136,279,Worthwhile
136,309,Essential
136,344,Essential
136,348,Worthwhile
136,413,Worthwhile
136,423,Worthwhile
137,58,Essential
137,60,Worthwhile
137,75,Essential
137,106,Unwise
137,141,Worthwhile
137,230,Worthwhile
137,236,Essential
137,243,Unimportant
137,258,Worthwhile
137,289,Essential
137,313,Unimportant
137,317,Unwise
137,350,Worthwhile
137,360,Essential
137,363,Essential
138,3,Worthwhile
138,8,Essential
138,39,Worthwhile
138,63,Essential
138,129,Unimportant
138,144,Unimportant
138,180,Unimportant
138,270,Worthwhile
138,317,Unimportant
138,344,Essential
138,353,Essential
138,378,Unimportant
138,381,Worthwhile
138,428,Essential
138,431,Worthwhile
139,3,Worthwhile
139,20,Essential
139,32,Essential
139,80,Essential
139,87,Worthwhile
139,111,Unimportant
139,116,Worthwhile
139,129,Unimportant
139,143,Unwise
139,207,Worthwhile
139,208,Unimportant
139,226,Unimportant
139,268,Unimportant
139,289,Essential
139,317,Essential
140,3,Worthwhile
140,25,Essential
140,60,Unimportant
140,83,Worthwhile
140,110,Unimportant
140,128,Worthwhile
140,143,Essential
140,173,Worthwhile
140,179,Unimportant
140,232,Unwise
140,242,Unwise
140,273,Worthwhile
140,341,Unimportant
140,347,Unimportant
140,422,Unwise
141,14,Essential
141,25,Worthwhile
141,30,Essential
141,39,Worthwhile
141,125,Unimportant
141,147,Worthwhile
141,161,Essential
141,163,Essential
141,165,Unimportant
141,196,Unimportant
141,209,Worthwhile
141,225,Worthwhile
141,343,Unimportant
141,359,Worthwhile
141,387,Unimportant
142,4,Worthwhile
142,5,Unimportant
142,39,Worthwhile
142,53,Worthwhile
142,66,Unimportant
142,104,Worthwhile
142,119,Worthwhile
142,172,Unimportant
142,228,Worthwhile
142,270,Worthwhile
142,319,Essential
142,327,Worthwhile
142,372,Essential
142,396,Unimportant
142,429,Essential
143,25,Worthwhile
143,87,Worthwhile
143,113,Essential
143,129,Worthwhile
143,208,Worthwhile
143,225,Worthwhile
143,234,Unimportant
143,249,Essential
143,271,Unimportant
143,338,Essential
143,349,Unimportant
143,365,Essential
143,421,Worthwhile
143,424,Worthwhile
144,59,Worthwhile
144,117,Worthwhile
144,190,Worthwhile
144,224,Unimportant
144,228,Worthwhile
144,236,Worthwhile
144,276,Worthwhile
144,300,Worthwhile
144,309,Worthwhile
144,337,Worthwhile
144,387,Worthwhile
144,422,Worthwhile
144,424,Worthwhile
144,428,Worthwhile
144,429,Worthwhile
145,27,Worthwhile
145,74,Worthwhile
145,108,Unwise
145,132,Unimportant
145,134,Unimportant
145,141,Worthwhile
145,196,Worthwhile
145,241,Worthwhile
145,259,Worthwhile
145,283,Worthwhile
145,312,Worthwhile
145,322,Worthwhile
145,325,Worthwhile
145,347,Essential
145,411,Worthwhile
146,13,Worthwhile
146,33,Worthwhile
146,80,Essential
146,91,Essential
146,137,Worthwhile
146,157,Worthwhile
146,172,Essential
146,183,Worthwhile
146,221,Worthwhile
146,384,Worthwhile
147,87,Worthwhile
147,89,Essential
147,90,Unimportant
147,164,Worthwhile
147,166,Worthwhile
147,253,Essential
147,276,Worthwhile
147,286,Essential
147,334,Worthwhile
147,351,Worthwhile
147,356,Essential
147,383,Essential
147,418,Essential
147,424,Essential
147,429,Essential
148,10,Essential
148,17,Worthwhile
148,51,Essential
148,63,Essential
148,88,Worthwhile
148,167,Unimportant
148,253,Worthwhile
148,307,Unimportant
148,321,Worthwhile
148,346,Worthwhile
148,350,Worthwhile
148,399,Worthwhile
148,405,Unimportant
148,430,Worthwhile
149,55,Unimportant
149,80,Essential
149,125,Worthwhile
149,138,Unimportant
149,224,Worthwhile
149,323,Worthwhile
149,327,Worthwhile
149,370,Essential
150,39,Unimportant
150,83,Unimportant
150,116,Worthwhile
150,137,Unimportant
150,197,Worthwhile
150,216,Unimportant
150,228,Unimportant
150,246,Worthwhile
150,260,Unimportant
150,276,Unimportant
150,332,Unimportant
150,348,Unimportant
150,371,Unimportant
150,390,Worthwhile
150,422,Worthwhile
151,15,Worthwhile
151,30,Worthwhile
151,33,Worthwhile
151,46,Unimportant
151,52,Unimportant
151,104,Worthwhile
151,151,Worthwhile
151,168,Worthwhile
151,174,Unimportant
151,182,Unimportant
151,193,Essential
151,291,Essential
151,316,Unimportant
151,420,Unimportant
151,427,Unimportant
152,5,Essential
152,18,Worthwhile
152,38,Essential
152,63,Worthwhile
152,138,Worthwhile
152,150,Worthwhile
152,190,Essential
152,200,Essential
152,233,Worthwhile
152,266,Worthwhile
152,270,Worthwhile
152,299,Unimportant
152,300,Worthwhile
152,323,Worthwhile
152,387,Worthwhile
153,18,Worthwhile
153,27,Essential
153,86,Essential
153,114,Worthwhile
153,120,Essential
153,122,Essential
153,172,Essential
153,177,Worthwhile
153,190,Worthwhile
153,212,Essential
153,216,Essential
153,290,Essential
153,332,Essential
153,382,Essential
