PaperID,Tag,level_1,level_2,level_3,PaperSummary
1,how:engineering:method,how,engineering,method,"A method for automatically recovering software traceability links between various software artifacts based on topic modelling (requirements, design, code, bug reports, test cases)"
2,how:engineering:method,how,engineering,method,A set of two techniques for improving the quality of traces generated between regulatory standards and product level requirements
3,how:science:observation,how,science,observation,A case study on evaluating a given technique for identifying and prioritising stakeholders in order to involve the right stakeholders in system analysis
4,how:perspective:experience,how,perspective,experience,An experience report on the development of a methodology and tools for the formalization and subsequent validation of specifications in a project for the public administration
5,how:science:observation,how,science,observation,A document-driven study on the relevancy of clones in industrial requirements specifications and of clone detection as a requirements quality assurance technique
6,how:science:observation,how,science,observation,A case study on the effects of a highly ambiguous requirements document on project success
7,how:science:observation,how,science,observation,A data-driven study on the importance of quality requirements throughout the system lifecycle
8,how:science:interrogation,how,science,interrogation,An interview-based study with practitioners for identifying key challenges in aligning requirements and verification processes in order to assure that the developed software product satisfies customer requirements
9,how:engineering:technology,how,engineering,technology,A tool for automating ambiguity detection and explaining the sources of the detected ambiguities in order to improve natural language specifications and educate software analysts
10,how:science:intervention,how,science,intervention,An experiment with practitioners for evaluating the adequacy and feasibility of an existing software product line design method in order to prepare software product lines for likely future adaptation needs
11,how:engineering:method,how,engineering,method,A method for developing scenarios at multiple abstractions levels and check their consistency in order to specify complex software-intensive systems
12,how:science:observation,how,science,observation,An industrial evaluation based on benchmarks for comparing and assessing the suitability of two requirements prioritization techniques
13,how:engineering:method,how,engineering,method,A method for reasoning about likely sources of uncertainty in dynamically adaptive systems in order to apply the right adaptation strategies
14,how:science:observation,how,science,observation,"A case study for collecting lessons learned from integrating Specification Templates, Collaborative Workshops, and Peer Reviews in RE"
15,how:engineering:method,how,engineering,method,A method for visualizing how cyber-attacks are performed in an architectural context in order to closely intertwine requirements and architecture in the development of secure software
16,how:science:intervention,how,science,intervention,An experiment with students on the effectiveness of three creativity enhancement techniques to be used during requirements elicitation
17,how:engineering:method,how,engineering,method,A method for semi-automatically recovering traces in natural language specifications in order to be compliant with industrial standards
18,how:science:observation,how,science,observation,A case study for validating a multi-level approach for planning and managing variability and reuse across independent product ranges in a product family
19,how:engineering:method,how,engineering,method,A method for using low-effort ad-hoc videos as a concrete representation of early requirements in order to avoid misunderstandings in the early phases of a project
20,how:engineering:method,how,engineering,method,A method for building domain ontologies suitable to guide requirements elicitation in order to reconcile gaps in the knowledge and common understanding among stakeholders
21,how:science:interrogation,how,science,interrogation,An interview-based study for explaining the causes of an unsatisfactory RE process in a company in order to identify improvement points
22,how:science:observation,how,science,observation,An analysis on the integration of non-functional requirements into model-driven development processes in order to include this type of requirements into such processes
23,how:engineering:method,how,engineering,method,A method for systematically and repeatedly exchanging requirements between manufacturers and suppliers.
24,how:engineering:method,how,engineering,method,A method for formally representing requirements in order to facilitate their analysis and serve as basis for the testing process
25,how:science:observation,how,science,observation,A multi-case study on agile prioritization and business value delivery in order to empirically corroborate or contradict some common assumptions on agile practices
26,how:engineering:method,how,engineering,method,"A process for creating traceability links between safety requirements, safety taxonomies, and safety risks in order to assure and recertify legacy safety-critical systems"
27,how:engineering:method,how,engineering,method,A method for assessing the completeness of specification documents in order to avoid subjectiveness in such completeness assessment
28,how:perspective:experience,how,perspective,experience,An experience report on the value provided by requirements traceability in a commercial engineering company and a discussion of success factors
29,how:perspective:experience,how,perspective,experience,An experience report on the development of a simulation tool for the communication along requirements modelling.
30,how:perspective:experience,how,perspective,experience,An experience report on modeling a safety critical domain using a formal method in order to better understand its adequacy for domain engineering
31,how:engineering:method,how,engineering,method,A method for structuring a system so that critical requirements are localized in reliable subsets of its components in order to guarantee system's dependability largely by construction
32,how:science:observation,how,science,observation,"A document-driven study for refining, assessing and deriving lessons learned of a set of templates for requirements written in natural language"
33,how:engineering:method,how,engineering,method,A method for specifying confidentiality requirements in service level agreements in order to provide proof of being in control of outsourced IT assets
34,how:engineering:method,how,engineering,method,A method for capturing and reusing patterns of knowledge on non-functional requirements in order to properly manage the large body of knowledge in this field
35,how:engineering:method,how,engineering,method,A method for using integer constraint programming to specify product line constraints in order to facilitate the configuration of a product
36,how:engineering:method,how,engineering,method,A method for eliciting business goals and linking them to quality requirements of the system in order to allow software architects to understand the business goals of the system
37,how:perspective:opinion,how,perspective,opinion,A discussion on the need of future research on operationalizing requirements as runtime entities that can be reasoned over in order to support self-adaptation decisions
38,how:perspective:experience,how,perspective,experience,An experience report on the application of a requirements framework developed after a root cause analysis in order to enhance customer partnerships in an IT company
39,how:science:intervention,how,science,intervention,An experiment with students on investigating if human analysts make the right decisions when reviewing requirements traceability matrices generated by automated techniques
40,how:engineering:method,how,engineering,method,"A method for generating requirements traceability matrices considering the unique properties of requirements, e.g. small datasets"
41,how:engineering:method,how,engineering,method,"A method for grading the implementation of use cases, features and requirements from a usability perspective in order to determine if a product meets its usability requirements"
42,how:engineering:technology,how,engineering,technology,A modeling language for specifying the system and finding criteria to compare candidate solutions at the early phases of requirements engineering
43,how:engineering:method,how,engineering,method,A method for allowing end-users to document their needs in situ using their mobile devices in order to support end-user involvement in requirements elicitation
44,how:science:interrogation,how,science,interrogation,An online survey with practitioners on understanding what requirements elicitation and representation practices and techniques do not work well in China
45,how:science:observation,how,science,observation,"A case study on understanding the effects of system architectures on RE decisions, the characteristics of such decisions and their impact on development activities"
46,how:perspective:experience,how,perspective,experience,An experience report on the lessons learned from two projects about the transition from classical development process into agile development
47,how:engineering:method,how,engineering,method,A method for classifying ambiguities in natural language requirements and inform the analyst of the potentially dangerous cases in order to prompt further elicitation
48,how:science:observation,how,science,observation,A multi-case study for a commitment analysis method that can be used to obtain requirements from policy documents in order to validate it
49,how:perspective:opinion,how,perspective,opinion,A vision for proposing the exploration and transfer from other disciplines of creative problem solving practices in order to frame RE as a creative problem solving process
50,how:science:observation,how,science,observation,A case study on the application of a requirements negotiation and handover process in order to study its advantages with respect to requirements volatility and requirements understanding.
51,how:engineering:method,how,engineering,method,"A method for incorporating goals that are able to adapt along time into requirement models, which embed adaptation countermeasures that are triggered when goals are violated"
52,how:engineering:method,how,engineering,method,A method for selecting the strategic release plan that is most robust against assumed changes in resource allocation and availability
53,how:engineering:technology,how,engineering,technology,A formal framework for expressing optional and preferred requirements and associated techniques to search for design alternatives that best satisfy the given preferences.
54,how:perspective:experience,how,perspective,experience,An experience report on the use of a requirements modeling language that relate informal operational concepts with formal simulation models in order to provide reasoning capabilities to such operational concepts
55,how:science:observation,how,science,observation,A case study for identifying success factors and challenges involved in persuading review teams to document inspections in order to improve defect discovering
56,how:engineering:method,how,engineering,method,A method for extending automated analysis of natural language use cases to any other language in order to aggregate multilingual use cases in multi-national projects
57,how:science:intervention,how,science,intervention,An experiment with students on manually recovering trace links between requirements and code in order to identify where requirements are implemented
58,how:engineering:method,how,engineering,method,A method for identifying single- and multi-word terms that have a particular significance in a given domain in order to characterize the most salient features of the document in which they appear
59,how:science:intervention,how,science,intervention,"An experiment with students for assessing a given constraint definition technique in order to improve the correctness, efficiency and user satisfaction when using meta-CASE tools."
60,how:science:intervention,how,science,intervention,An experiment with students on the inclusion of screen mockups in use cases in order to improve the understandability of functional requirements with no significant impact on effort.
61,how:science:observation,how,science,observation,A case study for characterizing natural language processing techniques and compare their support in detecting equivalent requirements.
62,how:engineering:method,how,engineering,method,A method for analyzing product descriptions from publicly available online specifications in order to model and recommend product features for a given domain
63,how:engineering:method,how,engineering,method,A method for generating a probabilistic model from a set of requirements in order to verify system requirements at runtime
64,how:engineering:method,how,engineering,method,A method for recovering a feature model from the existing software product line in order to reduce modeling effort
65,how:engineering:method,how,engineering,method,"A method for performing semi-automated checking of combined natural language and semi-formal requirements models in order to ensure their consistency, completeness and correctness"
66,how:engineering:technology,how,engineering,technology,A solution for automatically linking bug reports and committed changes in order to recover missing links
67,how:engineering:method,how,engineering,method,"A method for prioritizing requirements considering several requirements characteristics, such as stakeholder preferences, technical constraints, implementation costs and user perceived value"
68,how:engineering:method,how,engineering,method,A method for supporting use-case analysis that combines exemplary scenarios and general logical rules in order to allow gradually shifting from examples to the final system specification.
69,how:science:observation,how,science,observation,A case study for finding out whether a restricted English grammar can be applied in the automotive context in order to support automatic consistency checking
70,how:science:interrogation,how,science,interrogation,An industrial study based on questionnaires and interviews on the current industry needs concerning methodological support for requirements engineering in the embedded systems domain
71,how:science:intervention,how,science,intervention,An experiment with students on a method to support creativity in requirements engineering in order to get evidence about its creativity enhancement potential
72,how:science:observation,how,science,observation,A study based on experiments with students and a case study on the possible benefits of considering existing services and their alignment with requirements at a very early stage in order to exploit the desired benefits of reuse in service-oriented architectures
72,how:science:intervention,how,science,intervention,A study based on experiments with students and a case study on the possible benefits of considering existing services and their alignment with requirements at a very early stage in order to exploit the desired benefits of reuse in service-oriented architectures
73,how:science:observation,how,science,observation,A case study on a requirements engineering improvement project consisting of a set of techniques applied to solve a handful of previously identified RE-related problems
74,how:engineering:method,how,engineering,method,A method for identifying security-relevant requirements integrated in a workflow of requirements analysis in order to increase security awareness within the software development process
75,how:engineering:method,how,engineering,method,A method for analysing requirements on e-services from the service consumer's' perspective in order to make them fit smoothly into the service consumers' business processes
76,how:science:observation,how,science,observation,A case study for finding out which concepts of agile prioritization are shared in practice and in literature and how they are used to provide guidance for prioritization
77,how:science:observation,how,science,observation,"A document-driven study with practitioners and researchers for investigating if use cases are as effective as task descriptions with respect to completeness, correctness and understandability of emerging requirements"
78,how:perspective:experience,how,perspective,experience,"An experience report on the use of tools and techniques for systematic elicitation, analysis and documentation of sustainability requirements in order to minimize negative environmental impact of the software under construction"
79,how:engineering:method,how,engineering,method,A method for identifying groups of similarly optimal solutions in order to support multi-objective decisions problems
80,how:engineering:method,how,engineering,method,A method for defining efficiently trace links among business application artifacts in order to decrease the developer's workload for setting trace links
81,how:science:interrogation,how,science,interrogation,"An interview-based study with practitioners on communication gaps in large-scale industrial RE revealing scale, temporal aspects, common views, and decision structures as main factors that affect the requirements communication."
82,how:engineering:method,how,engineering,method,A method for developing specifications in quick iterations of analyzing and refining a formal specification in order to facilitate rapid evolution of specifications of system features.
83,how:engineering:technology,how,engineering,technology,A solution for quantifying the consequence of stopping RE too early in order to avoid avoidable scope creep.
84,how:engineering:method,how,engineering,method,A method for negotiating requirements induced by the selections of off-the-shelf components in order to prevent a selection of unsuited or inappropriate components
85,how:perspective:experience,how,perspective,experience,An experience report on the state of the practice of requirements engineering in the nuclear energy domain in Finland
86,how:engineering:method,how,engineering,method,A method for simplifying overly complicated requirements in order to identify specification problems
87,how:engineering:method,how,engineering,method,A method for semi-automatic extraction of feature models from natural language specifications in order to support requirements reuse.
88,how:science:observation,how,science,observation,A multi-case study on prioritization of quality requirements in 11 companies in order to help future research on quality requirements to focus investigations on industry-relevant issues
89,how:science:interrogation,how,science,interrogation,An online-survey on factors that prevent business analysts from applying their requirements analysis knowledge in practice.
90,how:engineering:method,how,engineering,method,A method for analyzing cross-references within legal regulations in order to address conflicting requirements.
91,how:engineering:technology,how,engineering,technology,A solution for enabling citizens to report problems with or making suggestions for a software system by smartphone in order to identify new requirements.
92,how:science:observation,how,science,observation,"A case study on the use of a classification of requirements change sources (e.g., market, organization, specification) in order to support change management, improve understanding and risk visibility."
93,how:science:observation,how,science,observation,A case study on the inability of students to assess whether requirements meet their corresponding legal obligations in order to motivate the need for domain experts and the potential utility of legal requirements metrics.
94,how:engineering:technology,how,engineering,technology,"A solution for extracting logical structures (e.g., use cases, business rules or functional requirements) from rich-text documents written in general-purpose editors, such as MS Word in order to enable advanced requirements management features."
95,how:science:observation,how,science,observation,"A multi-case study on assisted requirements tracing, a process in which an analyst validates candidate traces produced by an automated requirements tracing tool."
96,how:perspective:experience,how,perspective,experience,An experience report on the efforts to identify and monitor requirements uncertainty at Rolls-Royce in order to reduce the risk of late rework.
97,how:engineering:method,how,engineering,method,A method for simulating quantitative goal models in order to estimate the levels of goal satisfaction contributed by alternative system designs and optimize the system design.
98,how:perspective:opinion,how,perspective,opinion,A discussion on applying agile insights to requirements engineering activities in order to optimize allocation of resources to RE activities
99,how:perspective:opinion,how,perspective,opinion,A discussion and solution for examining organizational structures for power relationships in order to support decision-making processes.
100,how:engineering:method,how,engineering,method,A method for risk assessment in context of security requirements in order to guide the security argumentation in identifying rebuttals and mitigations for security requirements satisfaction.
101,how:engineering:method,how,engineering,method,A method for analysing requirements for embedded systems in order to separate relevant from irrelevant context elements.
102,how:perspective:experience,how,perspective,experience,An experience report on applying component-bus-system-properties in mobile applications in order to refine software requirements to software architectures.
103,how:engineering:method,how,engineering,method,A method for relaxing quality or functional requirements that are not crucial to the survival of a web system in order to increase the availability of a specific set of crucial services.
104,how:engineering:method,how,engineering,method,A method for eliciting requirements for context-adaptive systems based on observing anonymous users in order to increase the representativeness of the requirements.
105,how:science:observation,how,science,observation,A case study on roles and communication structures in a software team in order to investigate potential improvements of collaborations driven by requirements.
106,how:engineering:method,how,engineering,method,A method for automatically constructing models in order to predict which feature requests are most likely to fail due to insufficient or inadequate upfront analysis.
107,how:perspective:experience,how,perspective,experience,"An experience report on using traditional requirements engineering techniques, formal methods, and visual narratives to disambiguate natural language safety requirements of industrial standards."
108,how:engineering:method,how,engineering,method,A method for finding desirable design solutions as the requirements change by reusing parts of old solutions in order to minimize the effort required to implement new solutions.
109,how:perspective:opinion,how,perspective,opinion,A discussion on the joint usage of i* goal models with other modeling frameworks in order to combine the advantages of goal-oriented RE with other paradigms
110,how:perspective:opinion,how,perspective,opinion,A discussion of the concepts of tracing across multiple disciplines in order to illustrate how existing practices in requirements tracing could be leveraged.
111,how:science:intervention,how,science,intervention,An action research study on roadmapping problems of two software product companies in order to shift the focus of roadmapping from prioritization of software features to analysis and prioritization of customers' processes
112,how:science:intervention,how,science,intervention,A set of four experiments with students on the impact of System Sequence Diagrams and System Operation Contracts in order to assess the quality of the system domain model
113,how:engineering:method,how,engineering,method,A method for generating a set of obstacle conditions corresponding to exceptional conditions that may obstruct system goals in order to detect missing requirements.
114,how:engineering:method,how,engineering,method,A method for reasoning with partial models that capture uncertainty coming from multiple open choices in early specification stages in order to support modeling when requirements are still to be clarified
115,how:engineering:method,how,engineering,method,A method for automating the construction of traceability links for architectural tactics in order to support software maintenance and preserve architectural qualities
116,how:engineering:method,how,engineering,method,"A method for transforming security policies expressed in natural language to a formal, processable form in order to detect inconsistencies in access control policies"
117,how:engineering:method,how,engineering,method,A method for conducting failure analysis of systems that consist of several interacting component in order to integrate FMEA and system modelling.
118,how:perspective:experience,how,perspective,experience,An experience report on challenges and potential solutions of a supplier company with respect to tender processes.
119,how:engineering:technology,how,engineering,technology,A template for systematically deriving requirements elicitation instructions in Application Engineering processes in order to elicit requirements more effectively
120,how:perspective:review,how,perspective,review,A literature study on understanding the strengths and weaknesses of service description methods in order to allow developers selecting an appropriate description method that fits best their services
121,how:science:observation,how,science,observation,A case study on planning the releases of an evolving software solution in the presence of low-quality input requirement in order to reduce release planning effort and increase decision-making flexibility
122,how:science:observation,how,science,observation,A multi-case study on the use of goal-oriented requirements engineering techniques to improve traceability among enterprise architectures and business goals
123,how:science:intervention,how,science,intervention,"A study with practitioners, researchers and students based on an experiment and interviews for understanding in which context do common traceability visualization techniques fit better and what information to visualize"
124,how:engineering:technology,how,engineering,technology,A set of reusable queries for implementing a blueprint for traceability in safety-critical systems in order to comply with full life-cycle traceability as required by certification and regulatory agencies
125,how:engineering:technology,how,engineering,technology,A modeling language for representing and analysing requirements for Self-Adaptive Systems in order to make them readable by non-engineering stakeholders
126,how:engineering:method,how,engineering,method,A method for assessing the impact of changes in one requirement into other requirements in order to analyze the impact of requirement volatility on a project plan
127,how:perspective:review,how,perspective,review,"A literature study on the meaning of the word ""creativity"" in Social Sciences and Requirements Engineering in order to understand which kinds of creativity are relevant to a project and which creativity tools to use"
128,how:science:observation,how,science,observation,"A case study on the awareness and handling of non-functional requirements among software architects, and their effect on IT project success"
129,how:science:interrogation,how,science,interrogation,An interview-based study with practitioners on how functional and non-functional requirement mismatches are handled in Open Source Software adoption projects
130,how:science:observation,how,science,observation,A case study on a failed governamental IT project in order to understand the causes of failure from a requirements perspective
131,how:engineering:method,how,engineering,method,"A method for aligning and reconciling requirements from multiple jurisdictions (municipalities, provinces, nations) in order to reduce the number of requirements a company must comply with."
132,how:engineering:method,how,engineering,method,"A method for individual users to express privacy preferences, which are then used to reason about privacy for each user in different contexts."
133,how:perspective:experience,how,perspective,experience,An experience report on two requirements reuse strategies applied in one company in order to compare savings in reduced effort by reusing common requirements.
134,how:engineering:technology,how,engineering,technology,A solution for monitoring requirements in software systems by maintaining an instance of a state machine for each requirement in order to enable runtime monitoring and compensation capabilities
135,how:science:observation,how,science,observation,A field study on 62 applications of the Software Product Management Maturity Matrix that enables product managers to benchmark their organization in order to suggest improvements of the matrix.
136,how:perspective:opinion,how,perspective,opinion,"A discussion of Requirements Composition Tables (RCTs), which structure an application's functionality by core features and crosscutting concerns in order to explain this concept to practitioners and discuss its benefits"
137,how:engineering:technology,how,engineering,technology,A solution for comparing requirement sentences with domain-related documents in order to identify ambiguities in natural language requirements specifications.
138,how:engineering:technology,how,engineering,technology,A solution for automatic detection of speculative language use in natural language requirements in order to identify and uncover uncertainty in requirements.
139,how:engineering:method,how,engineering,method,A method for modeling regulations with a particular requirement specification language in order to help getting a more precise understanding of who complies with what.
140,how:perspective:experience,how,perspective,experience,An experience report on categorizing requirements in large systems engineering projects in order to present practical issues with requirements categorization
141,how:engineering:method,how,engineering,method,A method for detecting and classifying clarification events in online requirement discussions in order to highlight risks related to shared understanding.
142,how:engineering:method,how,engineering,method,A method for relating security-relevant assets to requirements and objectives of an attacker in order to analyze system security in different situations and to enable a set of countermeasures to mitigate security threats.
143,how:science:interrogation,how,science,interrogation,A study based on an online-survey on how product management practitioners understand the term product management in order to evolve product management frameworks and develop necessary skill sets for education of product managers.
144,how:science:observation,how,science,observation,A case study on the selection of the most appropriate value-based requirements prioritization framework given the requirements of a particular company
145,how:engineering:method,how,engineering,method,A method for quantitatively analyzing contribution relationship measures in goal models in order to support informed decisions about different solutions to requirements problems.
146,how:science:intervention,how,science,intervention,An experiments with students for understanding when and why humans make correct and incorrect decisions during tracing tasks with the support of a trace matrix that visualizes progress
147,how:engineering:method,how,engineering,method,A method for scenario-based specifications of component interactions in order to find inconsistencies between specifications of many variants in product lines
148,how:science:interrogation,how,science,interrogation,An interview-based study with practitioners on how software architects deal with non-functional requirements in order to increase knowledge about the state of the practice.
149,how:engineering:technology,how,engineering,technology,"A solution for mining ""requires"" or ""excludes"" constraints in the construction of feature models."
150,how:engineering:technology,how,engineering,technology,A solution for automatically detecting outdated requirements based on changes in the code in order to keep requirements specifications up-to-date
151,how:engineering:method,how,engineering,method,A method for managing and reducing requirements uncertainty by partial requirements models so that uncertainty can be made explicit and incrementally removed
152,how:perspective:experience,how,perspective,experience,An experience report on applying a visual requirements modeling language that mitigates some of the weaknesses of UML in describing requirements.
153,how:engineering:method,how,engineering,method,A method for predicting what areas of a proposed legal rule are most likely to evolve in order to allow engineers to begin building their software towards the more stable sections of the rule.
154,how:engineering:technology,how,engineering,technology,A solution for recommending trace links while creating or modifying traceable artifacts in order to avoid trace link creation towards the end of a project.
155,how:perspective:opinion,how,perspective,opinion,A discussion on view-based requirements specifications including challenges and research questions in order to better understand the particular information needs of downstream development roles.
156,how:engineering:technology,how,engineering,technology,A solution for extracting and ranking requirement candidates based on an analysis of web server logs in order to improve requirements elicitation and prioritization
157,how:engineering:technology,how,engineering,technology,A solution for identifying and resolving feature interactions at the level of requirements specifications in order to detect undesirable behavior earlier in the development life-cycle.
158,how:engineering:technology,how,engineering,technology,A modelling language for modelling the behavioural requirements of a software product line in order to ease the task of adding new features to a set of existing requirements.
159,how:perspective:opinion,how,perspective,opinion,"A discussion on the state of the art in traceability, the grand challenge for traceability, and future directions for the field in order to increase the pervasiveness in industry."
160,how:engineering:method,how,engineering,method,A method for annotating goals and assessing obstacles with probability measures in order to increase requirements completeness.
161,how:science:interrogation,how,science,interrogation,A study based on review inspections and interviews with practitioners on the most critical and important quality criteria for natural language requirements specifications
162,how:science:intervention,how,science,intervention,An experiment for testing the hypothesis that adding a requirements analyst who is ignorant of the domain improves the effectiveness of the requirements elicitation team.
163,how:engineering:technology,how,engineering,technology,A solution for grouping generated trace link candidates in high-quality and low-quality clusters in order to improve the accuracy of automatic trace link recovery tools.
164,how:perspective:experience,how,perspective,experience,"An experience report on how the use of RE methods in DNA nanotechnology contributes to make DNA nanotechnology more productive, predictable, and safe."
165,how:science:observation,how,science,observation,A multi-case study on how frequently do some classes of requirements appear in specifications for web-based enterprise systems
166,how:science:interrogation,how,science,interrogation,An interview-based study with practitioners for understanding the adjustment of requirement management practices after the adoption of open source software in order to facilitate open innovation
167,how:science:intervention,how,science,intervention,"An experiment with students for assessing the effect of real-time machine translation on multilingual terms in order to leverage communication power in globally-distributed, multilingual project meetings"
168,how:science:intervention,how,science,intervention,A set of two experiments with students and practitioners for investigating whether the granularity and cognitive support of prioritization techniques affect the judgement of product features as essential
169,how:science:observation,how,science,observation,A data-driven study on analysing the data collected via data mining from a commercial game over a three-year period in order to provide recommendations for future development.
170,how:engineering:method,how,engineering,method,A method for supporting adaptation to non-functional manifestations of uncertainty in order to optimize the system's ability to meet its non-functional requirements
171,how:engineering:method,how,engineering,method,A method for finding the root causes of the non-realizability of a scenario-based system specification in order to detect conflicts in the specification
172,how:science:observation,how,science,observation,A case study on the impact of issue report misclassification (between feature and bug) in order to improve bug prediction
173,how:science:observation,how,science,observation,A multi-case study on how information flows between different human roles in software projects with contrasting distributions of domain knowledge and different communication structures.
174,how:engineering:method,how,engineering,method,A method for synthesising response time requirements of component services in order to guarantee the global response time requirement of a service composition
175,how:engineering:technology,how,engineering,technology,"A framework for supporting the selective disclosure of personal information according to context information (time, location, â€¦) gathered at runtime in order to continuously satisfy privacy requirements"
176,how:science:intervention,how,science,intervention,An experiment with students to understand how requirements analysts seek and gather information when linking requirements to other software artifacts
177,how:engineering:method,how,engineering,method,A method for analysing large sets of user feedback in order to extract new/changed requirements for next versions
178,how:engineering:method,how,engineering,method,A method for automatically deriving a machine specification satisfying a set of goals in a domain in order to reducing requirement modeling effort
179,how:engineering:method,how,engineering,method,A method for automatically extracting a feature model from publicly available natural language product descriptions in order to speed up such feature model extraction process
180,how:engineering:method,how,engineering,method,A method for transforming an under-specified visual design mockup drawn by the designer to an accurate and flexible web page with virtually no manual effort
181,how:engineering:method,how,engineering,method,A method for recovering traceability links between software artifacts that can be configured at runtime in order to optimize trace quality
182,how:engineering:method,how,engineering,method,A technique for both analyzing specifications of a product line to ensure that it is realizable and automatically synthesizing software components that show which sequences of actions the system can do to implement the specification
183,how:science:interrogation,how,science,interrogation,A study based on practitioner interviews and project data to create a framework to assess requirement-ambiguity risk in order to understand the relationship between requirement ambiguity and project success
184,how:science:observation,how,science,observation,A case study for evaluating the suitability of a new software release planning (SRP) process in order to improve and customize SRP in practice.
185,how:engineering:method,how,engineering,method,A method for identifying relevant groups of stakeholders in order to to enable facilitated decision-making and handling of requirements
186,how:science:observation,how,science,observation,A case study on understanding software product management challenges in order to understand how the evolving management style has affected the way product requirements are managed
187,how:science:observation,how,science,observation,A case study for analysing the emergence of mutual and shared understanding in the written communication of a multidisciplinary team in order to support effective collaboration
188,how:science:interrogation,how,science,interrogation,An interview-based study with practitioners for understanding what traceability usage scenarios are most relevant for practitioners in order to provide a better traceability support.
189,how:engineering:method,how,engineering,method,A method for grouping similar requirements in order to ease and allow a proper understanding of a requirements document.
190,how:engineering:method,how,engineering,method,A method for selecting a regulatory compliance solution that best suits the stakeholder preferences.
191,how:perspective:review,how,perspective,review,A literature study for understanding how the distance between RE and other development activities affect coordination and alignment to meet customer needs
192,how:science:observation,how,science,observation,A case study for understanding the challenges of use case and requirements analysis in a low-tech rural environment
193,how:engineering:method,how,engineering,method,A method for automatically finding ambiguities in RE documents in order to avoid the need for manual checks
194,how:engineering:method,how,engineering,method,A method for architecting systems that contain requirements with consequences over the software architecture in order to ensure the architecture meets the requirements
195,how:science:observation,how,science,observation,A document-driven study for analysing RE-related job advertisements in order to determine how practitioners perceive and staff requirements engineers.
196,how:science:intervention,how,science,intervention,An experiment with students for comparing two requirements elicitation approaches when instantiating a Software Product Line (SPL) in order to understand which approach is more suitable for eliciting requirements when using SPLs.
197,how:engineering:method,how,engineering,method,A method for eliciting and modeling requirements for motion-based games for physiotherapy in order to guide the patients in performing the right movements for their rehabilitation
198,how:engineering:method,how,engineering,method,A method for supporting decision making for self adaptive systems in order to deal with uncertainty at runtime
199,how:engineering:method,how,engineering,method,A method for modelling i* elements in UML in order to enable the usage of existing UML tools for i*
200,how:engineering:method,how,engineering,method,A method for gathering feedback before a user has had experience with a software system in order to reduce the mismatch between actual and predicted user satisfaction
201,how:science:interrogation,how,science,interrogation,An interview-based study with practitioners for understanding how software architects cope with quality requirements in the context of large software system projects
202,how:engineering:method,how,engineering,method,A method for expressing legal requirements in order to overcome significant challenges in managing the many laws that govern their systems in a multi-jurisdictional environment
203,how:science:interrogation,how,science,interrogation,An interview-based study with practitioners on requirements traceability across organizational boundaries in order to identify current needs and challenges.
204,how:science:observation,how,science,observation,A case study for analyzing whether requirements with related information spread over many sections of many documents can be automatically classified
205,how:science:observation,how,science,observation,A case study for understanding the root causes of failed software projects in order to identify risk areas and provide practical guidance to practitioners
206,how:science:observation,how,science,observation,A case study on requirements brainstorming sessions considering knowledge of the domain as the factor to be measured in order to assess the effectiveness of idea generation
207,how:engineering:method,how,engineering,method,A method for identifying unstated assumptions in composite service-oriented applications in order to decrease the risk of unexpected behavior
208,how:perspective:opinion,how,perspective,opinion,A literature survey on requirements elicitation techniques and a roadmap of research in order to improve the elicitation of tacit knowledge
208,how:perspective:review,how,perspective,review,A literature survey on requirements elicitation techniques and a roadmap of research in order to improve the elicitation of tacit knowledge
209,how:engineering:method,how,engineering,method,A method for predicting integration bugs based on network measures calculated over requirements dependency networks
210,how:science:interrogation,how,science,interrogation,An interview-based study on requirements elicitation techniques used by cloud providers in order to clarify challenges related to requirements elicitation posed by the cloud paradigm
211,how:engineering:method,how,engineering,method,A method for refactoring new and inconsistent terminology in requirements in order to enhance the practicality of automated tracing tools.
212,how:perspective:experience,how,perspective,experience,An experience report on the development of three generations of a product in order to assess the positive effects of well-written and well-reviewed requirements on the quality of the final product
213,how:engineering:method,how,engineering,method,A method for designing RE visual notations based on large groups of novices instead of small groups of experts in order to increase novice's ability to interpret RE notations correctly.
214,how:engineering:technology,how,engineering,technology,A solution for formally checking incomplete high-level specifications against formally specified requirements in order to integrate formal verification with agile approaches.
215,how:engineering:method,how,engineering,method,A method for automatic extraction of glossary terms from natural language requirements
216,how:science:observation,how,science,observation,"A case study on feature interactions in an automotive software system in order to assess the extent, awareness, and importance of interactions between features"
217,how:engineering:technology,how,engineering,technology,A solution for leveraging a knowledge base of domain concepts and their relationships for fully automated creation of traceability links in order to increase precision and recall
218,how:engineering:method,how,engineering,method,A method for systematically inspecting requirements specifications in order to increase their quality
219,how:science:observation,how,science,observation,"A data-driven study on user feedback in app stores investigating how and when users provide feedback, the content of that feedback, and the impact of the feedback on the user community."
220,how:perspective:experience,how,perspective,experience,An experience report on the requirements engineering process for a national Police Force Crime Records Management System in order to present key challenges
221,how:engineering:method,how,engineering,method,"A method for analyzing the structured relationships between requirements in order to validate requirements for completeness, correctness, and consistency."
222,how:engineering:method,how,engineering,method,A method for extracting a set of independent components from requirements descriptions in goal models in order to help analyzing the impact of requirements changes in the source code
223,how:engineering:method,how,engineering,method,A method for eliciting requirements for new telemedicine applications in a collaborative setting of time-constrained medical practitioners and requirements engineers in order to ensure compliance with medical protocols
224,how:engineering:method,how,engineering,method,A method for translating IT regulations into a legal requirements coverage model used to make coverage assertions about existing or planned IT systems in order to help developers identifying relevant legal requirements
225,how:engineering:method,how,engineering,method,"A method for decomposing and structuring the behavioural requirements of a feature based on modes of operation (e.g., Active, Inactive, Failed) in order to provide a generic behavioural interface for features."
226,how:science:interrogation,how,science,interrogation,A study based on an online-survey on the ability of software engineers to understand the impact of cross-references in legal regulation texts over their software systems.
227,how:perspective:experience,how,perspective,experience,An experience report on the use of domain analysis to characterize current practice of applying requirement-based test generation at one industry partner in order to enhance the reuse of test artifacts across different products.
228,how:engineering:technology,how,engineering,technology,A solution for generating trace links between textual requirements artifacts based on machine learning in order to improve automatic link recovery techniques.
229,how:perspective:experience,how,perspective,experience,An experience report on factors that affect when having solution information in requirements is sensible and when it should be avoided in order to increase the understanding of practitioners.
230,how:perspective:experience,how,perspective,experience,An experience report on the integration of software architecting and decision-making methods in order to select a common service oriented architecture tool that could satisfy the needs of different business units.
231,how:engineering:method,how,engineering,method,A method for using defect taxonomies in order to improve requirements reviews and testing.
232,how:engineering:method,how,engineering,method,A method for metric-based prediction of requirements that are likely to evolve in order to narrow the scope of change analysis to a small set of requirements.
233,how:engineering:technology,how,engineering,technology,A solution for automatically mapping newly defined system requirements to corresponding system components in order to prevent requirements inconsistencies and help identify further necessary requirements.
234,how:engineering:method,how,engineering,method,A method for mapping natural language policy requirements to a formal representation in order to to reason about conflicting requirements within a single policy and among multiple policies in a data supply chain.
235,how:perspective:opinion,how,perspective,opinion,A discussion on the major challenges of reviewing requirements specifications in industry in order to align research activities to add more value for the software industry.
236,how:perspective:review,how,perspective,review,"A literature review on visual requirements analytics, a field that aims at increased interactivity of requirements visualization in order to lead to actionable decisions"
237,how:science:observation,how,science,observation,A multi-case study on the readability of policy documents for requirements engineers and assessing if automated text mining can indicate whether a policy document contains requirements
238,how:science:interrogation,how,science,interrogation,An interview-based study with practitioners on the quality and suitability of a project's traceability strategy in order to identify common problems across traceability strategies and their possible causes.
239,how:science:observation,how,science,observation,"A data-driven study on requirements artifacts and processes in open source systems, where classical software engineering is not employed in order to identify risks of development failures and consequences for system quality."
240,how:science:intervention,how,science,intervention,A project-based study with students on a semi-automatic tool to capture implicit traceability links from requirements to code in order to evaluate the feasibility and practicability.
241,how:science:observation,how,science,observation,A case study for validating a tool that automatically checks the conformance of requirements to a given template in order to reduce ambiguity in natural language requirements
242,how:science:intervention,how,science,intervention,An experiment with students for investigating the relationship between time pressure and efficiency in test case development and requirement review
243,how:engineering:method,how,engineering,method,A method for self-adapting the architecture of a software system to the changing requirements and contexts at runtime in order to improve effectiveness and flexibility of adaptation
244,how:engineering:method,how,engineering,method,A method for extracting a model showing traces between software artifacts and analysing this model to identify areas of traceability failure
245,how:science:interrogation,how,science,interrogation,An online survey with practitioners and academics on how users and developers from various geographical locations perceive privacy and which concrete measures would mitigate their privacy concerns
246,how:engineering:method,how,engineering,method,A method for extracting and refining privacy requirements for mobile applications from raw data gathered through empirical studies involving end users
247,how:engineering:method,how,engineering,method,A method for describing uncertainty about the impact of design alternatives on stakeholders' goals and calculate the consequences of such uncertainty
248,how:science:intervention,how,science,intervention,An experiment with students on the effects of present customer desires as requirements or as ideas on design creativity
249,how:engineering:method,how,engineering,method,A method for deriving structured requirements models in the form of process diagrams and ontologies from textual use case requirements
250,how:science:observation,how,science,observation,A case study on the use of issue tickets generated by stakeholders' requests to track requirements evolution for a large-scale system
251,how:engineering:technology,how,engineering,technology,"A framework for allowing requirements engineers and non-technical stakeholders to perform model checking during elicitation, analysis and verification of system requirements"
252,how:perspective:experience,how,perspective,experience,An experience report for presenting and comparing examples of various approaches to teaching RE in order to inspire instructors to seek additional learning approaches.
253,how:science:interrogation,how,science,interrogation,"A online survey with researchers and academics for identifying benefits, domain areas, and challenges for social adaptation."
254,how:engineering:method,how,engineering,method,A method for systematically managing obstacles and refining compliance goals in order to support the elaboration of compliance requirements.
255,how:engineering:method,how,engineering,method,A method for detecting inconsistencies in temporal constraints in order to verify the consistency of temporal requirements
256,how:engineering:technology,how,engineering,technology,A model for capturing and representing traceability in order to provide safety evidence on safety-critical systems
257,how:engineering:method,how,engineering,method,A method for comparing the results of multiple priority-based decision heuristics in order to identify the best heuristics for deciding which requirements should be refined/elaborated first.
258,how:engineering:method,how,engineering,method,A method for weaving the feedback from the runtime system into requirements documents in order to keep development time and runtime requirement models consistent
259,how:science:intervention,how,science,intervention,An experiment with students for exploring the effect of collaborative interactions between clients and analysts in the process of requirements validation.
260,how:perspective:experience,how,perspective,experience,An experience report for identifying understandability issues of formal specifications and providing writing style guidelines in order to make formal specifications understandable.
261,how:engineering:method,how,engineering,method,"A method for acquiring, modeling and analyzing regulatory requirements in order to conform to regulations on safety-critical system."
262,how:science:interrogation,how,science,interrogation,An interview-based study for understanding current practices of user-developer communication in IT projects in order to identify issues and enhance user-developer communication.
263,how:science:interrogation,how,science,interrogation,An online survey with practitioners for identifying causal relationships between requirements elicitation issues and project performance in order to strengthen the execution of RE activities and reduce risk on project performance
264,how:science:interrogation,how,science,interrogation,An interview-based study with practitioners for understanding how the game industry applies RE in practice
265,how:engineering:method,how,engineering,method,A method for identifying unwanted interaction between requirements in order to address the diverse interests of different stakeholders in a coherent way
266,how:science:observation,how,science,observation,A case study for comparing different approaches to categorization of natural language requirements in order to understand the best way to achieve effective communication and prioritization
267,how:engineering:method,how,engineering,method,A method for transforming requirements for service-based systems to QoS-aware choreography specification in order to deliver more adaptive software systems
268,how:engineering:method,how,engineering,method,A method for measuring and improving the completeness of natural language requirements with respect to the input documents in order to include all the relevant information from these documents
269,how:perspective:review,how,perspective,review,A literature study for identifying and categorizing research in self-adaptive systems requirements modeling and analysis
270,how:engineering:method,how,engineering,method,A method for resolving exceptional conditions that may obstruct the behavioral goals of the target system in order to progress towards a more complete model of stakeholder goals.
271,how:perspective:experience,how,perspective,experience,An experience report on the adoption of a persona-centric requirements framework in order to show its ability to quantify user experience.
272,how:science:observation,how,science,observation,A case study on collaboration networks between small and medium-sized software companies in order to investigate the impact to software product management and requirements engineering practices.
273,how:science:observation,how,science,observation,A case study on a protocol for deriving functional safety requirements from Fault Tree Analysis results in order to increase the safety of critical systems.
274,how:science:observation,how,science,observation,A case study on requirements engineering in open commercial development models describing the flow of product requirements information through the ecosystem
275,how:engineering:method,how,engineering,method,A method for specifying and validating feature-oriented requirement models in order to avoid behavioral inconsistencies between features.
276,how:engineering:method,how,engineering,method,A method for finding suitable trade-offs and priorities when complying with multiple regulations while at the same time trying to meet business objectives.
277,how:engineering:technology,how,engineering,technology,"A solution for automatically filtering, aggregating, and analyzing user reviews to systematically analyze user opinions about single features"
278,how:science:observation,how,science,observation,A case study on the transformation of a set of natural language functional requirements to a semi-formal pattern notation in order to investigate the applicability of this process in the automotive domain.
279,how:engineering:method,how,engineering,method,A method for representing requirements and conflicts as a jigsaw puzzle in stakeholder meetings in order to improve commitment of stakeholders in co-authoring of requirements and co-responsibility in conflict handling
280,how:engineering:technology,how,engineering,technology,A solution for automatically detecting cross references in legal documents and linking them to the target provisions in order to improve the elaboration of compliance requirements.
281,how:engineering:method,how,engineering,method,A method for requirements discovery for health care systems in order to increase the acceptance by the target user community.
282,how:engineering:method,how,engineering,method,A method for selecting the most appropriate security requirements pattern in order to decrease the time spent in the requirements elicitation process and improve the quality of the product.
283,how:science:interrogation,how,science,interrogation,An interview-based study on how game developers reason about gameplay requirements and handle them in their projects in order to improve the elicitation and validation of gameplay requirements.
284,how:engineering:method,how,engineering,method,A method for requirements elicitation based on interactions of autonomous parties and the participants' social relationships in order to improve the requirements engineering for sociotechnical systems
285,how:perspective:experience,how,perspective,experience,An experience report on the use of a method for discovering customer requirements to configure an off-the-shelf software package.
286,how:engineering:technology,how,engineering,technology,A solution for automatically identifying security-relevant sentences in natural language requirements and translating them into functional security requirements in order to strengthen the overall security of the system.
287,how:engineering:method,how,engineering,method,"A method for estimating the size of an application previous to its requirements specification by using the application language itself, captured by a lexicon in order to get estimations earlier."
288,how:engineering:technology,how,engineering,technology,A solution for extracting familiar ideas from the documented requirements and stakeholders' comments and automatically obtaining unfamiliar idea combinations in order to generate innovative requirements.
289,how:science:interrogation,how,science,interrogation,"An interview-based study on how practitioners understand, capture, and use business rules in order to describe constraints in a domain."
290,how:science:observation,how,science,observation,A case study on the requirement elicitation for a recommender system that supports therapists in selecting motion-based video games to treat patients with brain injuries.
291,how:engineering:method,how,engineering,method,A method for eliciting quality-impact relationships and using them to specify quality requirements in order to achieve good-enough quality.
292,how:engineering:method,how,engineering,method,"A method for visualizing how IT impacts are linked to business value, and how much and when value is realised in order to evaluate IT business value on a company level."
293,how:perspective:experience,how,perspective,experience,"An experience report on a system provider/sub-contractor collaboration centered around design-level requirements in order to report lessons learned regarding requirements representations, requirements tools, and cooperation process."
294,how:engineering:technology,how,engineering,technology,A solution for combining adaptation decisions based on goals with past experiences of successful adaptations in order to improve adaptation effectiveness and overall system quality.
295,how:engineering:method,how,engineering,method,A method for analyzing goal satisfaction resulting from resolved uncertainty in order to support early requirements decision-making in the presence of uncertainty.
296,how:engineering:technology,how,engineering,technology,A solution for exploiting the information contained in previously defined trace links in order to facilitate the creation and ongoing maintenance of trace links as the requirements evolve.
297,how:engineering:method,how,engineering,method,A method for assessing the quality of RE processes and artifacts in a company in order to identify issues and potential improvements
298,how:perspective:experience,how,perspective,experience,An experience report on using goal modelling to incorporate sustainability into the procurement system of a large multinational energy company in order to evaluate the suitability of the technique for such a purpose
299,how:engineering:method,how,engineering,method,"A method for detecting vulnerabilities in requirements of long-living software systems based on reported security incidents in order to keep long-living systems ""up-to-date"" with respect to security."
300,how:perspective:experience,how,perspective,experience,An experience report on applying a combination of RE methods to elicit performance requirements in an existing system from the process automation domain in order to improve performance testing.
301,how:science:intervention,how,science,intervention,A study based on experiments with crowd workers on extracting requirements from natural language text sources by untrained workers in order to evaluate the cost and quality of crowdsourcing RE tasks.
302,how:science:observation,how,science,observation,A data-driven study on the use of a requirements inspection methodology in more than 140 projects in order to discover correlations between requirements specification quality and project costs or product quality.
303,how:engineering:method,how,engineering,method,A method for identifying ambiguity in legal texts in order to prevent software engineers from implementing software that does not comply with the regulations.
304,how:engineering:technology,how,engineering,technology,"A modeling language for defining non-functional requirements (NFRs) based on the fulfillment of other requirements in order to specify unambiguous, de-idealized, and measurable NFRs."
305,how:engineering:method,how,engineering,method,A method for capturing the uncertainty of feature evolution in feature models in order to decide which features to implement next.
306,how:engineering:method,how,engineering,method,A method for locating where software should be refactored and which refactorings should be applied in order to fulfil unsatisfied stakeholder goals.
307,how:engineering:technology,how,engineering,technology,A solution for writing or speaking trace queries in natural language in order to lower the barrier for utilizing trace data.
308,how:perspective:experience,how,perspective,experience,An experience report on representing and reusing product knowledge for product customization in order to identify requirements for product variants.
309,how:engineering:technology,how,engineering,technology,"A solution for automatic extraction and modeling of quality concerns from textual documents such as requirements, feature requests, and online forums in order to elicit quality requirements"
310,how:science:observation,how,science,observation,A case study on the use of a tool for specifying requirements based on two types of knowledge-reuse artifacts in order to evaluate the effects on requirements ambiguity and inconsistency.
311,how:perspective:experience,how,perspective,experience,An experience report on eliciting user requirements with a non-standard user population: visually impaired users.
312,how:engineering:technology,how,engineering,technology,A solution for identifying violations of security requirements that may be caused by topological changes of the environment and selecting security controls that prevent such violations.
313,how:science:interrogation,how,science,interrogation,"An online survey on the ability of laypersons, technical professionals, and legal experts to judge the similarity between legal coverage conditions and requirements."
314,how:science:intervention,how,science,intervention,An experiment with students for determining whether practicing mindfulness for four weeks enhances conceptual modelling skills in order to improve professional performance of software engineers
315,how:science:interrogation,how,science,interrogation,"An interview-based study with practitioners for understanding how software architects working on large, distributed projects are involved in engineering quality requirements."
316,how:science:interrogation,how,science,interrogation,An online survey with practitioners and academics for validating the acceptance and impact of an approach based on artifacts and scenarios
317,how:science:observation,how,science,observation,A case study for validating a technique for clustering keywords extracted from natural-language requirements in order to support the automatic construction of project glossaries
318,how:science:observation,how,science,observation,A case study for including quality requirements in a software release planning technique in order to demonstrate the benefits in terms of release time and product scope
319,how:perspective:experience,how,perspective,experience,An experience report on the use of a lean methodology to identify security requirements in order to integrate them in the software production cycle
320,how:science:intervention,how,science,intervention,An experiment with students for assessing a technique that automatically suggests appropriate security requirements templates implied by existing functional requirements
321,how:engineering:method,how,engineering,method,A method for the efficient model-based verification of product line requirements in order to detect and correct requirement errors early.
322,how:engineering:method,how,engineering,method,A method for automatically extracting goal and use case models from natural language requirements documents in order to support further analysis of the extracted models.
323,how:science:observation,how,science,observation,A case study for identifying metrics that evaluate feature models in order to quantify the success of feature models in practice.
324,how:engineering:method,how,engineering,method,A method for transforming informal requirements into formal ones in order to reduce requirements defects.
325,how:science:interrogation,how,science,interrogation,An industrial study using interviews and surveys for investigating the design of Digital Addiction labels in order to meet ethical and professional requirements.
326,how:science:intervention,how,science,intervention,A workshop-based industrial study on the usability of user stories in order to embed human values in the requirements engineering process.
327,how:engineering:analysis,how,engineering,analysis,A set of metrics for assessing and quantifying requirement relations in agile development in order to estimate implementation risk of requirements.
328,how:science:observation,how,science,observation,A case study on the customer challenges and demands on requirements engineering processes in order to bring the customer perspective into outsourced projects.
329,how:science:intervention,how,science,intervention,An industrial study using experiments and focus groups for understanding whether the use of catalogs of threats and security controls affects the actual and perceived effectiveness of a security risk assessment method.
330,how:perspective:review,how,perspective,review,A literature study for identifying and categorizing prioritization criteria in order to customize prioritization criteria to a particular project situation.
331,how:science:observation,how,science,observation,A case study for evaluating a particular approach to release planning in order to reach the market as early as possible with a competitive level of quality.
332,how:engineering:method,how,engineering,method,A method for analyzing and enforcing security mechanisms on system requirements in order to precisely capture the impact of security in the system.
333,how:engineering:method,how,engineering,method,A method for integrating several types of contextual information into a diagrammatic representation in order to improve the validation of functional safety requirements.
334,how:science:intervention,how,science,intervention,An experiment with students for assessing an existing availability risk assessment method in order to improve its reliability.
335,how:engineering:method,how,engineering,method,A method for the mutual adjustment of conflicting requirements between business and IT perspectives in order to get seamless alignment between these two perspectives.
336,how:engineering:method,how,engineering,method,A method for modeling and reasoning about information quality at requirements level in order to avoid low-quality information for critical systems.
337,how:engineering:method,how,engineering,method,A method for semi-automatically translating natural language requirements into a formal language in order to validate natural language requirements
338,how:engineering:method,how,engineering,method,A method for consolidating behavioral requirements and functional design in order to avoid behavioral requirements of the system become outdated.
339,how:science:interrogation,how,science,interrogation,An interview-based study with practitioners for understanding how practitioners in various roles use requirements artifacts in order to support better requirements communication.
340,how:engineering:method,how,engineering,method,A method for integrating user feedback involving geographically dispersed stakeholders in order to facilitate forum-based requirements elicitation.
341,how:science:intervention,how,science,intervention,An experiment with practitioners and students on generating creative ideas and requirements in creativity workshops in order to evaluate the effectiveness of different creativity techniques.
342,how:engineering:method,how,engineering,method,A method for managing uncertainty about estimates of likelihoods of obstacles to goal satisfaction in order to facilitate risk-based methods for RE.
343,how:engineering:method,how,engineering,method,A method for analyzing feature life cycles in app stores in order to help app developers identify trends and find undiscovered requirements.
344,how:perspective:experience,how,perspective,experience,"An experience report on practical realities an organization faces in attempting to reuse requirements, including a requirements reuse process, encountered problems, obtained results, and plans for future improvement of the process."
345,how:engineering:technology,how,engineering,technology,A solution for checking 14 quality criteria in user stories that user story writers should strive to conform to in order to turn raw user stories into higher-quality ones.
346,how:engineering:method,how,engineering,method,A method for analyzing privacy properties in service-oriented architectures based on a data flow model in order to reduce privacy and security risks when integrating third-party services.
347,how:engineering:method,how,engineering,method,A method for semi-automatically exposing whether the unanticipated behavior of the operational context can result in undesired system states.
348,how:science:interrogation,how,science,interrogation,A study based on an online-survey on how changes to security requirements affect analysts' risk perceptions in order to understand how the analysts perceive risks in composed systems.
349,how:perspective:review,how,perspective,review,A literature study for identifying dependent variables used in experimental requirements engineering research.
350,how:engineering:technology,how,engineering,technology,A model for monitoring the compliance of a System of Systems (SoS) with its requirements at runtime.
351,how:science:observation,how,science,observation,A data-driven study for comparing several probabilistic techniques to classify app reviews from app stores in order to assess their accuracy.
352,how:science:observation,how,science,observation,A document-driven study for understanding and classifying ambiguity occurring in customer-analyst interviews in order to improve the use of interviews during requirements elicitation.
353,how:engineering:method,how,engineering,method,A method for acquiring the knowledge of various stakeholders along multiple dimensions of problem space and design space in order to elicit the users' requirements in self-adaptive systems.
354,how:science:interrogation,how,science,interrogation,An interview-based study for identifying categories of probing questions in order to prompt business analysts to elicit architecturally significant functional requirements.
355,how:engineering:technology,how,engineering,technology,A solution for specifying preferences over goals through natural language statements in order to the comparison of alternatives during the specification process.
356,how:science:interrogation,how,science,interrogation,An interview-based study with practitioners on the flow of requirements in the process of automotive software development and strategies to refine requirements iteratively throughout their life-cycle.
357,how:engineering:method,how,engineering,method,A method for inferring the test status of requirements based on the test status of structurally related requirements in order to better assess the quality of the system.
358,how:engineering:technology,how,engineering,technology,A solution for determining the quality of trace links and detecting unacceptable deviations in order to support the systematic assessment of a project's traceability.
359,how:perspective:experience,how,perspective,experience,"An experience report on challenges in creating testable experience requirement for entertainment applications (e.g., games)."
360,how:science:observation,how,science,observation,A case study for investigating which changes requirements engineers perform on use cases over time and which of them are more problematic in difficulty or risk in order to understand the maintainability of use cases.
361,how:engineering:technology,how,engineering,technology,A solution for calculating how likely a natural-language requirement statement is to be impacted by a change in order to automatically analyze how a change to one requirement impacts other ones.
362,how:engineering:method,how,engineering,method,A method for eliciting a model of all operational states of a system in order to ease the specification of features based on these operational states.
363,how:engineering:method,how,engineering,method,A method for capturing inconsistencies between stakeholders' goals and beliefs and resolving goal conflicts.
364,how:science:observation,how,science,observation,"A case study on prototyping in an agile RE project in order to examine the potential to solve the challenges of agile RE, especially the lack of documentation, the motivation for RE work, and poor quality communication."
365,how:science:observation,how,science,observation,A document-driven study in the industry on the use of passive voice and weak words in requirements showing that passive voice is almost never problematic.
366,how:science:intervention,how,science,intervention,An experiment with students and practitioners on the use of a mobile tool for model-based sketching of free-form diagrams allowing for the definition and reuse of diagramming notations on the fly in order to assess the usefulness of the tool.
367,how:engineering:technology,how,engineering,technology,A solution for automatically extracting and tracking non-functional requirements from the textual content of requirements specifications.
368,how:perspective:experience,how,perspective,experience,An experience report on a failed project in which the customer eventually decided to take over the development themselves in order to investigate requirements-related root causes for such decision.
369,how:science:intervention,how,science,intervention,A set of two empirical studies (online survey to practitioners and experiment with students) on the creation and use of software requirement specifications in companies and the impact of their quality in subsequent development activities.
369,how:science:interrogation,how,science,interrogation,A set of two empirical studies (online survey to practitioners and experiment with students) on the creation and use of software requirement specifications in companies and the impact of their quality in subsequent development activities.
370,how:science:observation,how,science,observation,A case study on the effectiveness of a particular method to visually represent requirements evolution histories.
371,how:science:observation,how,science,observation,A document-driven study on the differences between documented non-functional and functional requirements in industrial requirements specifications in order to assess how sharp this distinction is in practice.
372,how:science:interrogation,how,science,interrogation,An interview-based study on reusable probing questions used to gather information for architectural decision-making in order to equip business analysts with these questions.
373,how:engineering:method,how,engineering,method,A method to automatically revise goals that may be underspecified or partially wrong to resolve obstructions in a given domain.
374,how:engineering:method,how,engineering,method,A method to discover security requirements in continuously evolving threat landscapes which lead to new tacit knowledge that is embedded in or across a variety of security incidents.
375,how:science:interrogation,how,science,interrogation,An interview-based study to explore requirements engineering practitioners' perceptions and attitudes towards sustainability.
376,how:perspective:experience,how,perspective,experience,An experience report on teaching requirements engineering for undergraduate students.
377,how:engineering:method,how,engineering,method,A method for automatically identifying the impact of requirements changes to system design using SysML.
378,how:science:intervention,how,science,intervention,An experiment with students for analyzing different software engineering tasks that affect the tracing of the same requirement.
379,how:engineering:technology,how,engineering,technology,A specification language for modeling both rich configurations and expressive temporal properties in order to make formal verification of systems involving these properties.
380,how:engineering:method,how,engineering,method,A method for automatically decomposing on-the-fly formal specifications and verify them seamlessly in order to support industrial-scale applicability of formal verification techniques.
381,how:engineering:method,how,engineering,method,A method for runtime self-adaptation ensuring the satisfaction of multiple goals while simultaneously reaching optimality to an additional goal and achieving robustness to environmental disturbances.
382,how:engineering:method,how,engineering,method,A method for on-line analysis of formal specifications able to cope efficiently with the evolution of such specifications in order to support adoption of such techniques in industrial contexts.
383,how:engineering:method,how,engineering,method,A method for mining performance specifications from running systems that allow performance regression testing and performance monitoring.
384,how:engineering:method,how,engineering,method,A method for deciding the plan for the next software release considering the risk of different perceptions of value and different revenues associated with multiple (groups of) stakeholders.
385,how:engineering:method,how,engineering,method,A method for integrating goal-oriented requirements engineering and multi-criteria decision making for problem modeling and analysis.
386,how:science:observation,how,science,observation,A data-driven study on the performance of a set of information retrieval algorithms for computing traceability in issue tracking systems.
387,how:science:observation,how,science,observation,A case study on understanding how stakeholder influence and collaboration patterns evolve over time and how innovation and time-to-market evolve over the same period of time.
388,how:science:intervention,how,science,intervention,A multi-experiment with students for comparing the accuracy and performance of different query representation techniques in order to improve the ability to provide critical feedback to users making queries.
389,how:engineering:method,how,engineering,method,A method for searching certain classes of potential problems in business process models related to their incompleteness of the ambiguity of their labels.
390,how:engineering:method,how,engineering,method,A method for classifying automatically legal cross references across several provisions which refer to a single compliance requirement.
391,how:science:observation,how,science,observation,"A case study on measuring the frequency of eight types of requirements defects (e.g., incompleteness) and refining them according to nine possible defect sources (e.g., wording)."
392,how:engineering:technology,how,engineering,technology,"A model for relating gamification, stakeholder engagement and RE performance in agile processes in order to increase stakeholder engagement adequately in each RE phase."
393,how:science:observation,how,science,observation,A data-driven study for uncovering detailed relations between requirements and design decisions and demonstrate the effectiveness of a particular documentation approach for decision-related knowledge.
394,how:science:interrogation,how,science,interrogation,A multi-instrument study (survey followed by interviews) with industry on their productivity and the quality of their working documents when using user stories.
395,how:perspective:review,how,perspective,review,"A literature review on reported evidence on customer input during continuous deployment in software engineering, including potential benefits, challenges, methods, and tools."
396,how:science:intervention,how,science,intervention,A literature study on specific threats to validity in controlled experiments with student participants and on mitigation strategies for these threats.
396,how:perspective:review,how,perspective,review,A literature study on specific threats to validity in controlled experiments with student participants and on mitigation strategies for these threats.
397,how:perspective:philosophy,how,perspective,philosophy,A conceptual framework for integrating lean principles within design science research phases and outputs exemplified with the planning and execution of software and requirements engineering research projects
398,how:science:intervention,how,science,intervention,An experiment with students on comparing through eye tracking the way specifications are read depending on their presentation format and considering different role perspectives.
399,how:science:observation,how,science,observation,A case study for assessing the impact of a real legal change proposal on an existing specification model using model-based simulation techniques.
400,how:engineering:method,how,engineering,method,"A process for putting together agile development, DevOps, and innovation management in order to embed technological innovations into the overall system."
401,how:perspective:review,how,perspective,review,"A state of the art report on the status quo, challenges, findings and possible directions in RE for health data analytics."
402,how:engineering:method,how,engineering,method,A method for revising software requirements specifications (SRS) through inspection at two different levels of abstraction in order to assess the SRS quality.
403,how:science:interrogation,how,science,interrogation,A study based on interviews with practitioners and a literature review for building a body of knowledge for traceability in order to assist engineers how to implement traceability in a project.
403,how:perspective:review,how,perspective,review,A study based on interviews with practitioners and a literature review for building a body of knowledge for traceability in order to assist engineers how to implement traceability in a project.
404,how:perspective:experience,how,perspective,experience,"An experience report on the process followed to elicit, classify, prioritize, and validate privacy requirements for a privacy platform involving public administration and citizens."
405,how:science:observation,how,science,observation,A case study for understanding how experts can elicit security demands from stakeholders of the application domain and derive security policy templates.
406,how:engineering:method,how,engineering,method,A training program for assisting requirement authors through a network of trained experts in the context of large projects with dozens of such authors.
407,how:engineering:technology,how,engineering,technology,An ontology for describing properties of data and systems that allow to generate and manage privacy requirements in order to integrate the legal and engineering perspectives.
408,how:perspective:experience,how,perspective,experience,An experience report on applying a tailored INCOSE requirements engineering process to the specificities of retrofittable subsea equipment systems.
409,how:science:observation,how,science,observation,A multi-case study with practitioners on the lessons learned using a set of templates for requirements written in natural language during six years.
410,how:engineering:method,how,engineering,method,A method for specifying changes in intentions over time and simulating such changes in order to make trade-off decisions about the evolution of requirements.
411,how:science:interrogation,how,science,interrogation,"An online survey on the ability of laypersons, technical professionals, and legal experts to judge the similarity between legal coverage conditions and requirements."
412,how:science:interrogation,how,science,interrogation,An interview-based study with practitioners for identifying a set of cues appearing in linguistic expressions that typically lead to ambiguity in order to improve customer-analyst communication.
413,how:science:interrogation,how,science,interrogation,A study based on case studies and interviews with practitioners for identifying challenges involved in collaborative traceability management and how traceability can be used to enable collaboration.
414,how:engineering:method,how,engineering,method,A process for automatically discovering requirements knowledge from large sets of domain documents in order to assist organizations in entering new domains.
415,how:engineering:technology,how,engineering,technology,A framework for helping analysts in identifying system misuse cases using formal reasoning about social norms in order to avoid data breaches originating from such misuses.
416,how:engineering:technology,how,engineering,technology,A framework for specifying performance requirements based on sentence patterns in order to reduce their level of incompleteness.
417,how:engineering:technology,how,engineering,technology,A tool for connecting textual notes and video recording when holding requirements elicitation workshops supporting enhanced analysis in order to mitigate the scribe's overload.
418,how:perspective:review,how,perspective,review,A literature review on the existing approaches in goal-oriented RE in order to provide research directions in this area.
419,how:science:intervention,how,science,intervention,An experiment with students for validating that modeling separately the stakeholder viewpoints and then explicitly merging them leads to a richer domain understanding than constructing a single coherent requirements model.
420,how:science:interrogation,how,science,interrogation,An interview-based study with practitioners for knowing the current practices of presenting and manipulating artifacts in documentation tools in order to understand how well these tools support requirements engineers.
421,how:science:intervention,how,science,intervention,An experiment with academics for exploring the impact of violating goal model layout guidelines onto the understandability of the requirements represented in such model.
422,how:science:observation,how,science,observation,A data-driven study for understanding the communication about software applications on Twitter and its relevance for RE and software evolution.
423,how:engineering:method,how,engineering,method,A method for eliciting security requirements related to the acquisition of information about the system by methods that deeply include non-technical means.
424,how:science:interrogation,how,science,interrogation,"An interview-based study with practitioners on the current practices for writing, maintaining and linking requirements and acceptance test documentation in agile projects."
425,how:science:observation,how,science,observation,An analysis of the adequacy of different natural language processing techniques and machine learning features for identifying software feature requests in issue tracking systems.
426,how:engineering:technology,how,engineering,technology,A model for understanding the implications of privacy requirements vagueness in aligning company's privacy policies with their data practices in order to reduce privacy risks.
427,how:perspective:review,how,perspective,review,A literature review on the existing approaches in the visualization techniques available in RE.
428,how:science:observation,how,science,observation,A case study on generating and rating ideas from the crowd in order to understand how human personality and creative potential influence requirement acquisition from the crowd.
429,how:engineering:method,how,engineering,method,"A method for automatically deriving conceptual data models from user stories written in natural language in order to create a holistic view of the requirements specification,"
430,how:engineering:method,how,engineering,method,A method for enlarging traditional traceability approaches with information linking documents generated during traditional and agile methodologies in order to ease the transition to agile development.
431,how:science:observation,how,science,observation,A case study on the need for requirement change control policies and formal processes to coexist with informal requirement change management in globally distributed settings.
432,how:engineering:technology,how,engineering,technology,A taxonomy for classifying requirement errors and for guiding developers to find additional faults based on the type of usual human errors in order to avoid requirement engineers to make the same errors in the future.
433,how:science:observation,how,science,observation,A data-driven study for understanding the effect of size and layout flaws in the comprehension of several types of UML specification models.
434,how:science:intervention,how,science,intervention,An experiment with students for investigating reading patterns and learning styles of software requirement inspectors for in order to enhance inspection team outcome.
435,how:engineering:technology,how,engineering,technology,A framework for supporting a systematic and comprehensive discovery of security goals for a system.
